customer_id,store_id,treatment,baseline_spend,purchase_amount
0,33,0,146.14763436158148,136.9458676377032
1,10,1,114.2976030218266,89.65352936833358
2,4,0,99.95262058908575,111.02885162672263
3,11,0,104.18606959650891,132.61813474220688
4,16,1,0.0,49.35565682969161
5,32,1,110.07097055615198,71.05838915993428
6,18,1,44.51014724940664,111.24640211068511
7,3,1,75.76752171742515,123.43375889325175
8,13,1,121.47021708383936,97.58485037916205
9,24,1,112.1990715294732,124.93689357229083
10,32,1,40.20950548768888,100.30580633621811
11,29,1,115.98611457193141,162.86214817149056
12,39,0,122.71977357369967,21.754286870391823
13,7,0,106.10090084956079,92.81893750718949
14,35,1,120.75346260830392,207.69007993381481
15,2,0,117.15814103831418,90.77444044977467
16,22,0,48.87871376895768,75.37790788112913
17,10,1,93.7032405625423,114.84020913241497
18,8,0,91.0359709154105,110.34845697842646
19,26,0,63.386786940185154,89.55204415062708
20,12,0,98.41271347528533,107.86701243522482
21,22,1,75.33416698529498,89.3540059069513
22,10,0,97.30831321074811,112.66804743620513
23,6,1,73.81649200229243,129.10624996662122
24,29,1,131.22849560095372,134.78792293903675
25,17,0,166.32138264314744,132.5850633122646
26,27,0,82.54323747772335,69.69553020949544
27,26,0,100.93767510789387,108.94740914556775
28,37,0,101.30922517321386,48.67294906025908
29,16,1,113.06843741088339,101.1261784768689
30,8,1,94.50015715429876,106.65691600505065
31,25,0,32.71016010572575,21.94951539709836
32,37,1,110.23679000529351,125.29945930840985
33,38,1,95.71882557790619,55.80237865908568
34,34,1,67.30065907059591,69.31677450256558
35,27,0,93.513700968275,63.257221178192836
36,15,1,84.25140066344422,80.29736434279344
37,15,1,106.56557988235957,94.70663246980848
38,1,0,89.85649573526459,118.15022519737457
39,7,0,90.98059953380015,62.46007079705863
40,13,0,102.59201413766708,79.31720577425259
41,13,1,106.74250694571337,129.10825366790877
42,23,0,99.83095803579151,70.3686021308296
43,20,1,134.56496838876873,95.6178177909007
44,27,0,106.64467590039493,109.90551148809352
45,35,1,76.21742232478971,124.56551375415373
46,35,0,151.2801278659116,152.5204613117077
47,31,0,102.93644123285954,42.45937216873517
48,39,0,146.39500385510922,129.4044117787126
49,12,1,67.36386369220567,86.5058589045374
50,36,0,116.26986692384074,183.88399224773406
51,36,1,151.09055360267402,137.9718282645703
52,8,1,137.57003387401062,115.798857774754
53,18,0,102.11162817419775,154.6459740023673
54,22,1,81.7395771879676,88.69732973538228
55,27,1,81.18475357330273,146.15340832766776
56,28,1,93.7691478804175,155.87031866949866
57,4,0,70.13290287331472,76.98035325167592
58,19,0,76.88137850287256,90.95599034253486
59,4,1,69.40093885054421,114.06968834992821
60,38,0,69.24637570966186,151.93377671618083
61,8,0,106.45193063102266,112.18610109965778
62,17,1,46.17989975557666,83.9224346877859
63,35,1,104.22324190281577,148.06733983876694
64,20,1,119.9821227318952,135.24067445523795
65,27,1,70.9482145720378,78.10936226773543
66,19,0,71.89866257822236,83.69824745702904
67,33,1,99.96406205207583,127.20251585512081
68,23,0,98.00536462250433,143.81767740443166
69,25,1,127.85342799887117,158.9536821408852
70,18,1,39.406496712939045,98.74418894098496
71,16,1,97.21188038808764,92.21603648037953
72,23,1,141.47781313430906,187.40594523100435
73,20,1,101.85683998768849,94.0326996664148
74,31,0,152.51223827410334,86.23213487884765
75,23,1,164.94673674182962,118.6308243432412
76,18,0,82.90679470934992,66.27292873550152
77,34,1,144.44848216634784,141.9330458106529
78,8,1,115.01034552328343,153.77496329499536
79,17,1,99.02332553000934,123.62109504357286
80,19,0,91.01461611564324,78.09065832433313
81,35,1,92.82222855324412,124.39464194850565
82,17,1,72.06921812942343,91.30660278577926
83,24,0,94.37421321762602,133.62079807777093
84,3,0,127.70840934028783,189.35713635039522
85,33,0,137.37642507841946,103.22653834290989
86,17,0,88.03943728252335,89.63521900470755
87,19,1,115.4746282886671,164.10213005585186
88,3,1,113.90704270315334,226.78144923994398
89,27,0,28.594177058074976,61.88275558940288
90,25,1,120.9923028492726,190.2700531566529
91,13,1,62.46809603494876,110.73620569597742
92,30,1,65.06323851660794,66.22117179603023
93,20,0,124.792811351512,119.25512108526904
94,2,1,149.95084146928772,160.03113012687007
95,8,1,66.1236440385428,88.24260576029849
96,10,0,72.89247781770082,144.317889543607
97,4,0,70.91190766173528,11.768326511798719
98,20,1,83.54212347017746,93.86750003370392
99,1,0,87.86780118388454,80.57983453065823
100,20,0,74.41547894775219,67.23790089529254
101,28,0,50.348766350204755,58.233783479150546
102,23,0,152.5554031898392,125.7861214266136
103,18,1,84.24423588090112,126.16586976587473
104,10,0,76.35166006718825,86.70433689816291
105,35,1,126.29757709489687,161.89750501556279
106,12,1,88.2229985729782,95.45587772282121
107,33,1,131.83393835554543,76.24678133851745
108,17,1,122.82289456444686,100.1832248104746
109,15,0,128.89594658396257,161.43701120562676
110,27,0,87.22816758080168,73.81930860186988
111,38,0,118.36296533576714,91.82863179837715
112,31,0,52.60783741542065,83.36650841499394
113,23,1,57.947258884707466,105.92225691821234
114,4,1,101.30131219049554,110.24940971703835
115,30,0,90.07084399865863,116.74810678347797
116,31,1,139.7231559369734,205.07027691084608
117,16,1,91.13919895062085,168.3579130649768
118,14,0,46.162507136319434,76.17971831705124
119,7,1,101.21194071096879,72.18322001613275
120,39,0,90.51255663604898,61.14882523893831
121,6,1,105.09542198365014,75.13276677291967
122,19,1,64.36465677146239,101.75116445139507
123,7,0,76.07436644236124,137.04217634550537
124,31,1,101.29177437590396,132.00761637458703
125,24,1,121.70427938923632,165.70547444580552
126,6,1,111.82466603697308,250.90269640781833
127,4,1,122.09946639906565,68.57051168239543
128,3,1,55.823953288076204,131.9250921745858
129,0,1,93.09583015854128,115.03380877550306
130,34,1,106.1301785867358,90.97775977505539
131,33,1,128.58852250872337,106.38498426275086
132,15,0,107.591111573978,79.55155308947586
133,3,0,92.42586903401578,173.27084848235762
134,11,0,96.09271221932026,120.92971167112186
135,18,0,97.03039607300578,154.72297362256307
136,21,0,56.831336806383256,46.85721358588472
137,19,1,100.64065327849482,172.48883712476282
138,24,0,124.0048023256687,133.27722493653542
139,24,0,121.17752216705847,153.8258604401049
140,25,0,43.8986202552558,52.11551213251788
141,20,1,99.82698889714631,143.05158017879592
142,17,0,54.69556711636715,87.17867518394094
143,37,0,132.71438118918635,103.43967720184602
144,32,1,116.08308151459764,119.84671130821525
145,30,1,121.16948767182025,128.81728814479837
146,2,1,79.88672139380802,114.6402970654731
147,22,0,41.8005344282632,64.19244479551107
148,35,1,68.55717466507342,126.8310151379699
149,24,0,89.31195921797068,49.062568196311936
150,7,1,54.88436118151557,77.07082046118556
151,20,1,69.692266023464,52.936740750918524
152,21,1,152.5648589303405,-5.628463038671185
153,38,0,60.33714617200306,130.67043608907449
154,21,0,116.37850369975831,189.31703943130526
155,9,0,43.97118954369597,56.479570625608396
156,4,1,107.4936672315791,97.6770461843447
157,27,0,125.0754907800949,69.8028502528258
158,39,0,113.35331039749258,112.29184876152671
159,22,1,136.1263306035757,141.35354007025407
160,3,1,153.88119419946938,83.85157541711013
161,1,0,58.57656136342428,81.77662726736474
162,31,0,107.97179584433938,42.41039053141028
163,11,1,115.68473527519234,117.87530568096544
164,19,0,112.8843562730344,151.3933818421348
165,37,0,147.92020939910714,155.69490499511727
166,10,0,108.6071316286056,109.14019104266899
167,31,0,136.47659908394166,101.21769262225429
168,3,1,135.16597470242164,234.18020234442656
169,0,1,104.95187470211444,111.49986374669463
170,1,1,117.01447164337742,30.963185106089526
171,11,1,77.67097099338335,98.85143125306078
172,19,0,110.12190027529346,2.20131686527138
173,0,0,106.4499244412125,104.53990460691473
174,24,1,96.3275580405416,102.39040186450526
175,33,0,86.98023958190944,140.28640969761216
176,20,1,129.99507789952375,200.40334182844657
177,4,0,97.67305018863786,83.5144496529566
178,32,1,169.3718180947807,130.67392348305614
179,2,0,140.34013702354764,154.15174962670477
180,20,0,123.93690176119082,66.61748609965497
181,39,1,83.76283282471023,83.42403622021038
182,14,0,128.42030790988423,182.46264498031792
183,17,1,105.51894489904832,80.95252671785953
184,10,1,103.96098502800943,121.46168051227463
185,12,0,68.51568865339382,150.55865072333677
186,9,0,118.83260174878149,88.17368889755319
187,1,0,108.91403677558418,191.60277089542683
188,29,0,87.60551942122014,43.69625411530504
189,15,0,81.38397934766013,49.88646381454927
190,39,1,93.39194811368567,169.0962616989648
191,14,0,61.96660440203101,100.76092400961863
192,31,1,85.12586437520481,107.623866581477
193,20,1,143.05010489495254,138.15590687093697
194,25,1,82.24750962241234,145.1783722867955
195,0,0,171.0124821008157,256.1475222672017
196,34,0,61.57953697658594,46.692386612295415
197,5,1,134.41570575569278,115.6840324611002
198,38,0,134.27032889735773,169.3906409792103
199,8,0,136.58752665643277,106.49058840632846
200,30,1,118.91669814148509,162.8649869307148
201,17,1,53.61430743841105,74.3312719640053
202,30,0,136.10758525734224,184.53616026194675
203,12,0,133.78444763098366,150.18642250882468
204,10,1,102.95604073821063,126.4825377699766
205,24,0,30.970857393488373,72.26828029348233
206,0,0,133.8648044607895,205.91909130948505
207,11,1,73.8993172187506,74.02771299686634
208,26,0,93.38288003749504,111.72768140294667
209,36,1,138.82403198566578,100.65384757390088
210,18,0,141.4337453384701,82.0717321140803
211,38,0,113.12839450906054,174.6281957233365
212,11,0,84.89422300015676,118.10986556725517
213,2,1,152.73622589205507,155.7302109138069
214,27,1,136.17229937235004,174.9716639090609
215,8,0,96.9296580541266,82.50509634357077
216,38,0,72.62523910057469,129.85234729096987
217,22,1,110.04037340930621,116.54934147769609
218,38,1,60.780837883838146,117.75812092650169
219,30,0,154.47196361332598,130.24936543451082
220,27,0,116.53196444595827,155.07206337632144
221,2,0,90.55860436937938,62.261099555636505
222,33,0,113.49282669074157,140.1738681310075
223,7,1,51.00351243455206,123.04876627128422
224,3,1,,127.5848671914715
225,18,1,81.83069375374444,93.43205375469222
226,4,1,53.473266640321555,63.57443927082638
227,26,0,81.89974164609755,78.50263531130429
228,39,0,111.35427061430273,128.37125963027242
229,36,1,57.847511221792,87.37591969003286
230,37,1,94.89259219536108,46.8740986297857
231,34,1,56.95398900106114,109.76930151311659
232,9,0,106.73349144933505,122.82886899130295
233,31,1,47.69877749450059,78.16807733561753
234,10,0,122.08885284962466,49.16400525396322
235,2,1,120.5548764257185,95.72515147103725
236,30,1,125.57542600481999,97.89687345339006
237,39,0,154.89196317119968,96.86545151582837
238,32,0,,104.04266394609895
239,24,1,104.02259628377453,34.81730191020955
240,38,1,118.60085814025085,127.81105289082504
241,3,1,86.364491931924,100.05610769255917
242,4,0,43.23504207740541,87.82569056260733
243,10,1,63.45158200022857,66.22456444214119
244,2,1,63.51922764885413,89.06494172997938
245,24,0,106.07865026816897,86.15407867280085
246,1,0,81.00660074527153,25.90299208851897
247,15,1,88.31844384065496,178.7244404152695
248,20,1,117.13682369660275,113.07595961504175
249,17,0,105.83893072106429,126.82810640526102
250,23,0,160.36517422812736,131.05640862529918
251,32,0,98.65273613907223,85.21354588696974
252,35,1,71.80450429934452,100.78260675772034
253,32,0,138.30988617901448,11.67893334947314
254,30,1,87.69023033669693,114.08069502042525
255,21,1,98.02837817148553,95.2244983868164
256,23,1,130.1265197601652,114.20738284615864
257,31,1,105.64631173236086,161.7956467034225
258,18,0,121.26947676689926,113.66435592205687
259,16,1,81.65539714418989,171.53886164185343
260,33,1,91.50709129810426,152.80236882035456
261,38,0,119.75220762355806,141.5377827706698
262,15,1,84.47421006227364,110.4101156919081
263,24,1,88.79154372584128,73.10328575008023
264,1,1,99.57460388607649,210.11438435394206
265,38,1,148.81075159659076,238.575022351602
266,32,0,145.35451880521583,112.12868939345077
267,1,0,108.07692814567389,115.51690843276403
268,15,0,103.29067393027087,31.58669336660411
269,35,0,80.32507909110488,136.89990867028882
270,25,0,141.1925773189684,140.69203860623577
271,22,1,113.93783264167647,149.04048650623764
272,4,0,130.04188250368284,101.67098352886342
273,28,1,59.43417517964685,92.99153576412175
274,25,1,126.04020843849969,118.11022989504508
275,7,1,106.55326209655463,112.94616932592137
276,19,1,124.77659710363403,105.09738882807619
277,21,0,133.28667197964725,95.79928521492022
278,22,0,102.53623788482665,188.23938742243584
279,11,0,91.25696211784353,192.15041708212414
280,20,1,123.12387582532077,40.23249168584398
281,4,0,66.08861426248211,79.16225098254496
282,23,0,145.38224321625066,86.35451608910242
283,0,1,112.89988369237966,98.05899329224606
284,0,1,69.15013446016658,125.7005846647896
285,36,0,141.43481938718057,-47.606850499572985
286,32,0,131.74472747284037,148.51952041295232
287,26,0,148.99247506497508,17.45436390447746
288,19,1,133.10301575323643,135.01554826189093
289,8,1,117.93656785301988,102.46530688103627
290,17,0,101.99860435829689,77.33124797363777
291,10,1,71.40577857540512,93.24218535921037
292,7,1,125.97331780821472,83.92919730652771
293,18,1,121.19436814640665,209.09642045728583
294,21,1,90.74386799406119,47.74746431094873
295,32,1,121.29824491429082,41.37479876643401
296,21,1,76.68496309077818,98.9495703312322
297,4,0,135.3700521669918,112.41185696451736
298,4,0,108.12439391242918,154.9698076854178
299,38,1,110.90888160431614,113.3011596980697
300,5,0,81.63002362441364,48.373641114909454
301,37,0,131.96485603798206,79.88523696483232
302,25,1,108.37538695448244,83.91060503831191
303,9,1,86.20091068668148,88.4648138441991
304,17,0,115.04781372609568,132.86611152784357
305,25,1,97.1285105559671,99.38172523688348
306,24,1,134.65548813637614,94.83105962195691
307,14,1,57.64371477878843,108.04408077048697
308,15,0,68.7275696757828,41.58546174880418
309,27,1,163.98964977497332,141.0060161935826
310,25,0,88.28309634422982,104.87563699197185
311,3,1,117.98912850682233,95.93366934313545
312,28,1,90.96909004039146,148.28821145408472
313,18,1,109.45657510353399,109.45579361313398
314,33,0,181.74734259664405,248.59205389638942
315,23,0,43.58689045413812,61.493426922031496
316,21,0,119.32245826774059,87.46538211820925
317,25,0,104.60283310508284,52.30427993519534
318,15,1,103.90148878674556,106.80630019741596
319,27,1,79.14960833053718,125.54486618167827
320,12,0,74.2363024683375,28.219059383063573
321,35,1,143.75749851189056,37.00814429828961
322,28,0,118.0197941928034,47.501664877897106
323,9,0,66.72460074972113,76.70823084623959
324,35,0,102.83405974886445,100.49548821961322
325,6,0,62.54727781498065,52.236792748420015
326,36,0,189.00411671292633,114.67352210897566
327,15,0,113.98955186863468,89.23546157329758
328,14,0,48.41360243432355,80.87997466189097
329,22,1,130.4172275861274,77.83443415931023
330,0,0,121.37299811582906,26.366207383735258
331,38,1,111.90477260716091,99.12287634054647
332,33,1,107.8825617425595,184.79750159057056
333,28,0,85.87163124315599,71.68195297155184
334,4,0,96.70032456666507,76.50458638465764
335,29,1,41.59981589075803,84.1091132757203
336,15,1,141.63573563638835,30.907609466358082
337,38,0,162.71485787046453,169.47059285075082
338,31,1,117.40561064652096,80.32293960118263
339,10,1,120.83993726089855,32.91069251828763
340,8,1,61.258864947309746,87.70823372986487
341,10,0,89.42214135094514,80.44609448674291
342,23,0,59.604530683249,102.6524921434336
343,16,1,62.84307008209076,107.84840562289654
344,18,1,118.40591697437426,102.62224698367515
345,11,0,144.82398803662883,173.68246579711854
346,34,0,100.14754043706503,128.8270966645233
347,26,0,176.77067234139002,250.19479589963686
348,2,0,126.92104362848772,73.15102968655557
349,38,1,34.157143175377044,85.90193604058783
350,0,1,89.87372225255191,85.29791558787872
351,6,1,141.28336185263817,146.69818341403726
352,6,1,106.74706967111787,176.0721036042132
353,20,1,133.25428717805335,183.3535651637054
354,32,0,51.24733275238698,61.24783632722468
355,27,1,140.37127801734235,12.332643823278758
356,3,1,66.26021785183801,82.00622589591097
357,19,1,112.17966134144446,104.26407019778566
358,22,0,165.70969595831258,167.50122651455604
359,36,1,104.09113600121523,172.15508700938247
360,8,0,94.82845068703053,140.60335697663908
361,29,1,124.80365688969599,140.44081308470064
362,17,0,76.73968257664812,124.87513623116664
363,35,0,73.11580123438387,61.43484246454369
364,32,1,131.1859159254057,85.5675534976912
365,4,1,56.780671826173176,125.95006414513628
366,10,1,64.26335359161817,102.15189299699401
367,7,0,154.65965467603442,189.6340471867452
368,7,0,63.96652379095048,116.52404810918739
369,2,1,114.98259748266076,148.13696531155526
370,33,1,134.95507387987448,118.04392792656138
371,33,1,99.81934542659519,142.08367576088602
372,17,0,69.5610534639983,89.72781311101589
373,38,1,126.33740398585368,171.23852240785652
374,30,0,73.36481423488225,110.81250417491617
375,0,1,165.2302276726468,143.3769480897078
376,27,1,168.26879565406773,265.4832022641496
377,31,1,70.51612786328765,100.5717952669505
378,27,0,118.96245985783592,175.85298199686855
379,29,0,80.20526215642721,49.754930903182235
380,21,1,112.83090064591846,162.87031939833457
381,36,1,93.74922708271302,70.83719646901861
382,38,1,71.8143949995931,73.37442596521238
383,10,1,116.86940708004013,51.83489277517211
384,10,1,51.55644715653676,79.18012531875726
385,28,1,110.64582621150636,122.61444860554678
386,9,1,96.55711337831856,89.81486402901658
387,9,0,77.63780029929495,159.87031836843664
388,24,1,128.40703462590182,173.61488808505135
389,3,1,102.39990467592426,79.72142295656107
390,6,0,90.66779236400842,97.45684028911182
391,29,0,96.11101244528543,87.22397716483843
392,25,1,94.3135325885482,124.82876709214568
393,1,1,129.1473001381544,134.98724485498838
394,28,1,92.27995658319769,58.11159428644368
395,27,0,13.671596419354458,83.9843300807279
396,21,0,7.350143854718112,71.06779408585449
397,11,1,69.16947092533653,125.7237486696225
398,7,0,63.006493934485874,125.59843051152284
399,19,0,92.63126670653344,107.99551363848369
400,7,0,59.981097169730624,70.97757505171668
401,35,1,76.55043324237909,69.63285029205491
402,35,0,140.63815545838042,157.85697345217773
403,9,0,60.581662927953,52.665534603730165
404,39,1,126.4139190433059,116.22301740682843
405,18,1,97.18810708547811,71.19931458256764
406,20,0,140.1346254147827,159.0536766551075
407,14,0,127.98618061233287,95.21589289816968
408,36,0,102.87568008575857,116.04582532587266
409,7,1,133.69694053346103,123.35650178696477
410,9,0,107.99390485815209,52.20265888118156
411,18,0,67.46889448728021,101.5673530024175
412,19,1,116.3611238331674,115.91326970243676
413,7,0,116.6674618772135,82.29847104284246
414,37,1,98.11443135242821,141.0456001594269
415,31,1,109.49035717186146,170.41694247900932
416,26,1,88.7086615904532,174.99781680097522
417,24,0,111.65718562302101,140.15280046025197
418,36,0,93.63621916742693,113.32596804692598
419,11,1,55.48265674862821,125.34867340721378
420,9,1,93.91808398245733,79.36885775879358
421,38,1,149.97910440194113,140.90201474471644
422,2,1,126.91640884056382,131.21563209116104
423,13,0,147.29554143855268,32.573812633134935
424,2,1,102.101020604909,136.1657301525825
425,26,0,89.81563632121973,130.46186403919563
426,36,0,70.00311043737689,84.08407990010303
427,29,0,106.6224833762681,150.7032924777209
428,33,1,132.8104317482784,80.84834577485412
429,10,0,126.65979917236407,157.89367227910358
430,3,0,124.36892641256323,167.7480730262973
431,0,0,86.73639587680377,80.04585224610656
432,1,0,105.29519870373399,110.91185671238867
433,35,1,78.73233136460294,92.17720654861701
434,9,0,126.92528698236346,56.152353385916676
435,38,0,120.06734821537958,48.94177557289089
436,5,0,82.82818138104363,53.128558580407784
437,6,1,105.7984459566727,132.25994171609935
438,10,1,33.777280583755,45.0223469358526
439,6,1,123.13623109285783,119.27206224596378
440,22,1,77.26869925576028,194.90018404665034
441,17,0,90.79457303558017,125.67268785048667
442,11,1,120.04224817868035,140.34723093045923
443,23,0,122.18443237040609,85.00588245549675
444,32,0,81.58210332693913,4.385388216751323
445,39,0,149.69918577337845,171.70001335027013
446,34,1,162.58696519824704,199.14296834550723
447,38,1,145.39735783624752,129.89054985040937
448,33,1,141.25068291513674,86.18541354545926
449,39,1,103.50499960726437,118.6335128438603
450,13,1,143.67553044953775,91.14753356848863
451,9,1,75.36266173821006,127.74603795366826
452,32,1,68.34420674043177,87.97653057057792
453,23,1,106.65213432768593,144.00246131819293
454,23,1,109.47465318562408,76.13559944798308
455,17,0,75.77588146600304,44.75792916848839
456,16,0,155.33083990079604,-12.099974203649012
457,9,1,57.721154720118456,96.2723930412808
458,5,1,39.471483304199886,53.59976851491102
459,2,1,89.55361981793234,149.05671855578987
460,7,0,150.9749763917693,133.95305102092794
461,6,0,124.14809268835437,111.20329140684501
462,13,1,112.055566984867,37.26309930472215
463,14,0,105.72653352972634,129.5705627058174
464,29,1,118.48300403596078,146.73342461021988
465,3,0,111.17895347214709,169.15889764475082
466,6,0,104.51183467912338,86.38884312121667
467,6,0,97.76132276245946,108.20465084786113
468,20,0,53.15441446944547,89.66167220550258
469,1,1,130.57966401121786,168.78787072967097
470,39,0,88.45479602701741,130.38953723727903
471,24,0,112.7046855793804,115.95775315789443
472,9,1,116.13931134212525,139.69376937463426
473,19,1,132.4940992538497,163.63951669967742
474,6,1,77.54175197726454,151.5975940024377
475,9,1,126.07799939527618,170.7616673162991
476,21,0,126.89411456506105,133.59140862696256
477,21,0,97.99778075111871,96.61902477169495
478,37,1,99.72191471753527,94.10379946284537
479,16,0,105.7231493103516,134.27426912169358
480,34,0,,56.16407084321875
481,26,0,87.48938211760895,58.14587492294784
482,34,0,67.00232455157325,81.38183839214354
483,37,1,136.87875441977877,104.50965976420918
484,9,0,77.6251812340492,77.2072043753061
485,14,1,68.8616775381271,109.85154054896495
486,32,0,105.72490780274411,92.84824690016164
487,25,1,117.2260025337489,139.05183069697222
488,6,1,89.92600555826185,123.84259729733672
489,8,0,72.38661162754921,86.61765987147918
490,12,0,113.59361244637641,65.96726995423282
491,37,1,126.54092554069071,154.5311859541114
492,26,0,51.707757263833344,77.93343945161294
493,24,0,128.16784796569615,88.78434839064938
494,32,1,47.55576885050204,61.043365412137334
495,6,0,120.68920792879955,115.16565317067898
496,38,0,87.63826456418221,165.56438781382644
497,10,0,93.2556886880344,95.58703380444713
498,37,1,122.45158120424762,161.3425361551241
499,6,1,144.21386763516955,118.05766090697335
500,25,0,163.58692723097073,91.28008031476261
501,7,0,142.0150721130652,191.59481693702003
502,33,0,121.51503222025264,123.98842589556475
503,12,0,60.671089487492125,43.56189485075241
504,27,1,88.67652564522169,154.32445489689113
505,32,0,,93.47654304914774
506,14,0,82.8474792945833,129.41244061425334
507,18,1,118.38707260046966,182.03124467645955
508,26,0,93.5124251640102,95.03524360043832
509,11,0,154.62675906203495,91.7809427312055
510,21,1,95.29754861847633,167.67923995201406
511,16,0,62.72745594237007,141.4639089673024
512,11,0,85.39744291450027,110.79550603813017
513,10,0,79.1916093987736,36.51764684508272
514,4,1,122.05156273424925,107.03534518432916
515,29,1,142.81548262523071,166.67881105381912
516,21,0,131.42155969275626,33.33368284952739
517,2,0,131.5416315204664,79.62365961698933
518,36,0,80.20420202192717,67.45926295655201
519,11,0,67.65515463871758,77.5496262232019
520,9,0,76.77708735088049,153.12797940724946
521,12,1,101.92415630804702,117.9785962707289
522,12,1,90.61517188825688,166.29516319551126
523,7,1,109.59399906377962,142.92670296584635
524,39,0,131.82133712192018,126.78773414791098
525,29,1,103.58390651691559,111.68769893287383
526,23,0,152.34944770683217,130.16041616421424
527,7,0,77.97856887422506,148.12881240452802
528,25,0,120.32632216104217,160.92084694846812
529,12,1,99.53006244554254,139.42578581942809
530,13,0,131.59156259319053,166.47902690745352
531,2,1,100.3477738160222,70.319504074036
532,38,1,85.38652259354184,88.88307582034442
533,30,0,97.58065816509766,38.92603656654686
534,24,1,74.89860137947315,81.4620931317082
535,14,1,68.32365671812693,131.56075285491195
536,17,1,125.32561311544535,91.76239651762182
537,26,1,83.12117914966163,76.44538741177035
538,17,0,137.64590590607315,97.18600295743977
539,8,1,176.6662506856045,75.22094287254204
540,13,0,89.8796444140533,97.07439733917597
541,0,0,127.33131905691671,150.05257591458079
542,17,1,98.71050536153703,171.04387591118717
543,12,0,44.212135475046956,69.51645666157489
544,10,0,98.1957292303021,119.68583013887121
545,31,0,145.39053459742254,179.53610225210517
546,10,0,64.46306073203877,63.79639856699866
547,33,0,95.94429480191681,74.07761104692965
548,22,0,95.55954190517758,124.74875460398754
549,13,1,57.28075552370631,96.27611590296597
550,19,0,110.24946263679944,95.68475599086874
551,33,0,96.30728515122897,94.721828090268
552,0,1,118.08489507443385,105.96814893454564
553,2,0,102.20678705345426,59.073466583435774
554,8,1,58.08557917043069,101.35815721409222
555,20,0,104.56544014249445,87.37498359800784
556,16,1,119.37051168593871,88.53402851980753
557,10,1,92.99203530527508,136.53159860793323
558,14,1,117.3450932437431,131.78358049044934
559,17,1,116.83998905623092,181.8792356549811
560,12,1,35.66969669194994,63.766038853540415
561,8,0,119.07152136808477,164.0573215470157
562,17,1,39.32247204487115,132.92406246637583
563,35,1,61.26912691348349,87.73646255191446
564,0,0,95.88219811239162,83.88151537489316
565,12,1,70.35938572602365,69.35316232793303
566,31,0,75.4044705562192,63.26675654673096
567,37,1,132.9287641748986,117.8975294882951
568,31,1,67.26341846753019,105.53149182108952
569,4,0,135.0327950835999,92.2853403773575
570,5,0,154.29173805133098,156.45896194443168
571,17,0,141.52748890281083,75.72118502867096
572,0,0,66.0949600592273,78.6019386770326
573,17,0,53.08554607905262,105.78336164113537
574,27,1,101.01482359163096,166.68692202289589
575,28,1,162.85455790741005,245.41146853423453
576,6,0,92.66752565608256,154.27290186991536
577,13,0,82.14773374042382,128.7724173855425
578,5,1,95.3457003155871,53.24214397143922
579,19,0,,77.32944660021106
580,1,0,134.87723488283444,97.4704868519097
581,2,1,98.91404126203115,109.59038472672152
582,39,0,95.05254493512868,117.32511734610154
583,12,1,114.29610937276821,177.25818497049113
584,13,1,100.02582669841404,94.43533081614692
585,28,1,86.6402961412317,16.56568808790746
586,21,1,45.881186506339475,60.15349207463897
587,4,0,102.59908240524705,112.60127118382948
588,16,1,80.83583399328712,124.65575464455502
589,18,0,91.92045807021451,58.569793450824896
590,38,1,90.10616788663162,145.382731766856
591,9,0,72.38816965169939,89.59963672039251
592,3,0,115.66660965408005,172.9748134457104
593,6,0,131.1010676880765,-6.1793850192960065
594,6,1,114.8818295748953,129.68374617746542
595,4,1,79.38074424519128,97.26749341506907
596,17,1,104.14966468870243,126.66398962518004
597,32,0,120.0085783594801,86.76797456002163
598,19,0,95.91525248044026,66.55556715603751
599,27,1,119.98644727729783,111.02572194615665
600,0,0,56.52506755056474,48.46042739895622
601,15,0,92.49094431592819,-0.9134726535871778
602,8,0,142.19568229798185,153.8837054902144
603,15,1,129.00893198500802,92.32733668036693
604,28,0,95.28199439978056,60.721331451245575
605,29,1,102.80429640150992,164.0788512287796
606,33,1,163.86018519925426,128.26248040548597
607,24,1,132.0627923661673,122.32108571359747
608,23,0,78.18966447760882,106.29498199832989
609,36,1,108.645488066662,109.25457869770067
610,34,0,85.66266599730022,97.03520608793886
611,36,0,81.67906537984977,67.93341644317962
612,23,1,63.154751976684274,123.992877620558
613,19,0,120.93720155871688,109.87513360192415
614,12,1,166.24810832414377,238.53879421999028
615,26,0,125.42055346937855,143.41396180694963
616,21,0,60.41697829981968,117.73675345533718
617,21,1,115.60435228679916,108.63614641899062
618,1,0,55.88731028614496,68.93823978734801
619,12,0,106.50715039458835,132.62369475932863
620,38,0,131.4341754551265,160.62014872946224
621,18,0,144.2696441591817,113.02911032472306
622,17,1,103.57579544769285,148.59210662344358
623,28,0,109.62299660300155,97.32590353147866
624,33,0,100.34752357614822,115.94702436564955
625,22,0,94.86858279125875,81.7561636421828
626,26,1,146.8983538149132,180.33362736248864
627,25,1,71.43665078804125,89.00156483970333
628,26,1,52.22891014856062,104.09530351926142
629,19,0,152.60636721786722,106.3053086875104
630,10,1,168.032235109441,149.51162872694374
631,38,0,52.185561294936136,80.96351793457815
632,31,0,128.17482756416845,123.11980728144526
633,31,0,124.26124160745519,169.4154633781357
634,25,0,87.44377426450504,156.95660491818757
635,5,0,71.3925743043803,102.36556694106896
636,15,1,104.80271357098346,59.62895676974914
637,32,1,90.05845462651044,104.21946621059622
638,9,0,124.63201088876727,62.88888823798097
639,36,1,81.09189561184948,156.02173187230306
640,38,0,135.47001154240053,122.62757653746553
641,32,0,81.1441475654107,78.162888760289
642,7,0,148.99144983392142,156.1348239144873
643,13,1,126.75125021880704,108.02671989628766
644,5,1,134.239369218163,165.2488457419862
645,14,1,88.51343099555073,120.58968620848249
646,16,0,93.21443331904918,49.555010663830636
647,9,0,97.33917614237613,122.64239657249735
648,31,0,135.64098524944004,92.09655877695401
649,2,1,80.25769535598704,129.46245091785977
650,5,1,76.58012994121034,39.0921592560274
651,18,1,,176.9002711499049
652,22,1,110.78788611325724,115.5490737788081
653,34,1,97.70182476335513,101.23708276450617
654,13,1,98.17268721589721,158.1205294503119
655,30,1,60.674372549835546,68.58399794082075
656,20,0,81.5311582502808,127.50217336215425
657,26,0,67.90718190148175,37.00292213488898
658,27,0,131.48822395019545,186.31654583845568
659,33,1,98.8085591262787,169.87594281475646
660,0,1,120.40482285447206,164.03445751585187
661,26,0,60.60861838431744,41.35987500991283
662,19,0,98.91411407392678,115.03344999782558
663,8,0,111.24632058660947,120.12050831756197
664,21,1,68.35509205765936,91.28143138051269
665,32,1,80.63339546170296,72.26939380615946
666,31,1,84.50314484130766,92.43295710432882
667,14,1,104.42000141551046,91.86497170491273
668,29,0,108.43950866176945,103.83158689592285
669,35,0,57.38931339468754,107.57183112567728
670,29,0,109.89862124756249,99.59928171527436
671,13,1,106.23744602211003,142.04208353988054
672,7,1,108.70605312877326,134.7655613389687
673,3,1,73.82207922796941,92.48391709980909
674,7,0,97.79605631962191,119.65235857998562
675,29,1,138.29107526851087,127.30002529230475
676,35,1,134.36937534261693,163.86627723380076
677,4,1,81.52072518229475,164.83556228378683
678,15,0,147.95925875270282,23.695869894685913
679,34,0,87.28177401998221,103.56428935951908
680,15,1,72.9871897977412,33.69251592772262
681,16,0,133.565736048573,107.50884208884126
682,32,1,109.66445960455671,56.89861083895583
683,31,1,168.61432387878574,175.7240927128671
684,6,1,92.94126110164787,174.9310803634228
685,2,1,103.91085611897716,87.66042091815356
686,33,1,121.9476837981878,134.88813832041188
687,21,1,107.82696420282043,84.46464351071783
688,0,1,87.85743216658464,119.43841537814946
689,27,0,99.99552574940634,153.45406600434495
690,28,0,99.27458582787722,61.63328402158089
691,5,0,99.3382935764409,77.826071465974
692,34,0,99.0339747233217,39.35719937431298
693,24,1,53.79781417784219,97.25129129816523
694,19,0,126.69531859687952,130.68112450653135
695,5,0,81.3505866493211,74.85226887667697
696,6,0,92.57411491120668,119.01527126032592
697,12,1,76.2454363664963,42.543176164511586
698,18,1,93.73562127222094,125.0166610305985
699,14,1,129.26137491615074,117.72602586399559
700,36,1,137.94190328783023,61.767479692104246
701,24,1,109.69048995071111,51.942856025984085
702,23,1,104.8708157235907,74.67999029097663
703,5,0,84.36514601441786,111.42561712064116
704,11,0,91.59824685215125,137.31517233095056
705,7,1,107.02315033827878,139.34969032389225
706,39,0,95.32966052611137,144.627927822881
707,31,0,70.367405804127,81.13497028476186
708,15,1,101.89279611926868,70.26768540287829
709,28,1,68.64857261766427,134.393432660197
710,23,0,162.14384549850922,148.53766759220343
711,18,0,109.20933457571415,54.47948575396934
712,28,1,83.02284760541141,88.87419595510316
713,11,1,113.9857186212253,159.54745714306375
714,22,0,77.60038697803157,128.17634606179945
715,27,0,92.42488089221062,107.1215081905869
716,35,0,146.54331642669248,72.3608702355432
717,18,1,138.6639986572115,137.89699476577437
718,39,1,64.49282467045731,147.03700647649305
719,12,1,66.50164284219105,110.11267937634771
720,33,0,84.61753704690757,128.72522155417832
721,34,0,167.6293801531392,72.03843341708773
722,29,1,101.87549037252649,96.10756609773972
723,8,1,107.75849031136069,133.42291109534779
724,18,0,84.7340131489996,103.90435122561081
725,32,0,139.8420796093839,104.89366717990188
726,29,1,128.94570632983363,46.95022812841084
727,24,1,48.13379668448079,94.70632704702948
728,1,1,74.58392354325778,113.07972597667504
729,25,1,45.0439932487385,73.7817469449374
730,2,0,65.15637403280321,105.10889752633165
731,27,0,75.53330943417325,165.51975554548824
732,30,1,59.88194111246417,91.52304617051907
733,29,0,80.85013154173865,85.54501226197632
734,32,1,120.73432956148109,163.51909984007608
735,35,0,133.7953760355594,225.17076780736573
736,19,1,103.37334338947038,121.6144179985161
737,36,0,121.81018605150709,113.61580958250282
738,37,1,59.28565457221859,82.92067889800633
739,10,1,144.20637539203727,244.4748065892561
740,34,1,168.82071071423184,204.9416983973092
741,6,1,95.63046696907917,150.32822510847626
742,30,1,117.14535284010367,124.82901487901061
743,35,1,110.67582946575303,109.90375272876597
744,31,0,34.8626544908809,56.53488441011386
745,8,1,130.54405926591633,190.47753974264396
746,8,0,114.32463601774909,188.3867073146511
747,8,0,51.33440360047002,60.40719325176195
748,9,1,87.35934668899942,150.7622562709364
749,32,0,134.73755653931988,32.91451199983074
750,33,0,117.20920189854137,11.276258736013133
751,38,0,58.60971896258266,77.30619292971437
752,18,1,82.74971284543855,125.1801469951674
753,33,0,79.2494729285506,117.63788133934642
754,24,1,104.51204601765352,102.0051931558636
755,20,0,78.72942686350483,70.82500742732442
756,26,1,101.35885828310786,166.46463597416158
757,15,0,94.68480303991831,-12.629755806911675
758,8,1,55.39212383241707,111.38236740368782
759,39,1,112.11692872329883,138.91393380975722
760,5,1,107.61926993015125,72.78855461400912
761,29,1,79.27365691624945,84.08161947684209
762,4,1,122.11888027037027,200.01588687063315
763,25,0,168.64807708239005,-29.15114756214757
764,6,0,52.24123816336836,64.82657108410011
765,0,1,106.4222982084701,63.261603973522796
766,33,1,124.99557823749954,119.4841123334908
767,7,0,100.81319802908018,115.69230418540165
768,4,0,82.39864443124245,92.97225821962611
769,0,1,165.90451772396062,182.9175084751135
770,10,0,84.72898321162194,114.63634338818562
771,36,0,95.89556671596908,118.32289984242146
772,6,0,80.16968335113776,47.63816278180255
773,9,0,136.36155092541125,73.50975136960395
774,19,1,35.49492146684439,97.80254513996101
775,6,1,72.89910077828465,88.98123102270208
776,34,1,86.08253279705873,132.48187077871978
777,23,1,109.29037660540703,161.21854909667562
778,19,1,110.20722506661073,-5.763323417156528
779,8,1,129.62269701922517,227.38716798326467
780,7,1,96.12262050474394,151.1490195206868
781,21,0,77.735313196634,114.28785027685662
782,39,0,97.93283630406368,143.53412168296438
783,37,0,73.67490386866862,109.00074043908324
784,24,1,83.7451590437601,143.19130306528467
785,34,1,85.4506902181102,83.96749639842012
786,35,1,109.037212634394,122.9705916326037
787,9,1,124.86756240723616,105.45209567349833
788,23,1,66.7570241711185,90.31774885110522
789,36,0,81.96238976479393,105.60867307405117
790,38,0,99.11236538713106,109.15705255387905
791,15,1,100.27244601034278,95.00912697137304
792,32,0,92.21136783444302,69.23830192275348
793,20,0,117.18393353930665,76.62025855017728
794,15,1,93.32438475030756,92.48480397658973
795,12,0,47.479681684531386,45.247613402540296
796,31,0,139.3434330517947,80.37759891820943
797,39,0,62.33389740624195,106.26297646156588
798,25,0,148.91787452781688,173.332233374413
799,12,0,107.73094906198266,77.08504834108763
800,15,0,109.61102438369662,63.499127403699376
801,29,0,,20.297589784680582
802,31,1,108.01704768605657,103.19701351201005
803,24,1,93.70928490257585,115.65828746852567
804,36,1,74.7131797589814,95.63604709292156
805,27,1,116.3453548207703,106.80148576647976
806,18,0,122.34746097511157,155.48484341618004
807,4,0,135.50227722885586,147.17615685466643
808,25,1,63.268008161829535,82.45270726786093
809,21,0,76.36948236453769,147.61002943805462
810,8,0,141.48643499347415,190.15491630848828
811,39,0,115.67943801491705,211.4447239914791
812,11,1,124.23559778952827,141.25748177992517
813,22,0,84.3848692410467,87.01560698846572
814,6,0,110.63594963415854,104.76852172227893
815,7,0,124.48793230445872,121.91530416024585
816,22,1,63.67218598936959,83.70686538069403
817,2,0,79.91423528032979,118.57076830864025
818,22,1,107.68203101682747,103.57649694250327
819,13,0,141.32824762475508,11.06429895224798
820,2,0,87.65902731603586,114.57862375098559
821,29,0,120.27254100333056,104.92828513597397
822,39,0,75.50818356515214,108.30111736927056
823,0,1,65.09147137574523,87.00118883397325
824,16,0,119.1733946295056,16.899451576925202
825,1,1,70.14303356113626,159.55015660973584
826,37,0,101.74475447659994,124.55339861330158
827,26,0,83.99547488283413,91.44716800336462
828,15,0,115.89439529064069,112.70040021450004
829,35,1,63.12050082410292,141.73379656605837
830,20,0,58.97959879265047,96.46092970625682
831,17,0,58.4968204170031,82.35811370206576
832,2,0,94.55156742722436,97.21536263720378
833,24,0,138.40188576296424,54.80854921871344
834,20,1,124.82835099029992,149.1222142330734
835,10,1,106.15144684539344,113.77718280629324
836,20,0,96.21974290244168,128.27495268699403
837,10,1,136.33439476742825,101.61287813442969
838,11,0,97.32985983085487,86.09297640856568
839,18,1,131.14512735571563,49.88681936980295
840,17,0,140.42491950069308,112.19835505734093
841,8,1,120.33571973361623,117.2770494249724
842,37,0,111.95977422686781,84.32187985977522
843,18,0,111.70812279190294,159.2586008452069
844,16,0,97.74954267980675,131.2500890915162
845,5,0,108.47376622551822,110.54788010909954
846,25,1,74.13546061687255,74.85155484349572
847,36,1,75.1846847414847,115.42518840977567
848,1,0,146.38927024140943,329.8901829251828
849,25,1,96.45371379022626,105.37792769329181
850,14,1,50.00164738354579,85.27037372580243
851,3,0,140.06215273963255,165.08343744173186
852,9,0,140.0726709400559,72.55187698961578
853,7,0,113.28265614922364,140.68846601919066
854,38,1,63.532124261431775,60.836123906216216
855,33,1,157.28342532545636,142.46297133928186
856,25,1,132.00008754580853,143.40941342731273
857,14,0,136.40618549677762,131.11283417856922
858,39,0,92.6941461702256,140.00054574376944
859,10,1,112.31697005272642,120.32887683535662
860,23,0,,89.37462176987098
861,0,0,92.99156969974051,134.22155599645802
862,39,1,65.48341300447055,100.17074889509274
863,27,1,76.81453952493405,129.65448657145095
864,19,1,84.89993495534586,87.83774882000195
865,22,0,101.04496288712599,120.87546091203346
866,32,0,129.01644176709726,93.94689023524377
867,33,0,116.28030487478324,108.45310861473176
868,21,1,46.65935372835521,82.7281655555425
869,6,1,130.4415062278489,131.4125699889123
870,16,1,55.30534268764829,23.891189638971696
871,30,1,114.13343074789375,169.62626320307092
872,30,0,93.96492078346596,50.516399376750634
873,33,1,101.69344718401132,119.74677908689846
874,34,1,85.58029258996375,73.20189826350591
875,32,1,68.49614970258287,154.5099262120084
876,39,0,147.6108693690611,185.05775364405204
877,29,0,27.38275791001496,93.81932003593603
878,17,0,73.36184588317961,78.09587865866567
879,17,1,138.6046060177391,149.58264480622802
880,33,0,99.14494769792475,136.50855711958104
881,1,0,99.98450615184741,92.5696931568
882,21,1,74.17665802478427,178.5606353403274
883,25,1,65.99977905411964,125.82484181894671
884,19,0,116.98784151701157,137.7564417909622
885,1,1,94.37725956521086,117.67706252067367
886,29,0,109.41784314705531,161.33966525358622
887,3,0,122.09760249002652,119.10871239098951
888,3,0,48.48328475586822,46.81905918736094
889,16,0,68.5915950619297,84.37760964967109
890,36,1,79.45089762356268,77.10726279704546
891,4,0,105.96462181962619,103.82766287653492
892,3,0,119.92576432212599,138.33324493513953
893,18,1,68.53304804081185,96.30896705413687
894,17,1,92.78394931077526,110.27614262529876
895,34,1,95.9749886440489,48.57182534772163
896,10,1,95.9279587719465,84.49152447666376
897,6,0,145.54312434466263,209.73925887252454
898,15,0,77.18767966255302,42.6262592346278
899,31,1,103.99955733691966,35.45005099004334
900,28,0,30.356307236175198,61.93194542675821
901,39,0,95.78952910201333,156.5112346314197
902,13,1,102.66733412399338,151.87420569651056
903,1,0,120.11065727961659,119.31293408423389
904,38,0,83.94440389902064,99.09678756726223
905,16,0,82.5585408444216,78.67339842964394
906,12,0,63.26271677724948,86.05632534245879
907,28,1,84.25373926318173,116.38296373554812
908,9,0,169.91042268973516,128.23359858181385
909,29,1,48.225468095099494,43.86226493123794
910,3,1,48.470569031945224,81.8384789330005
911,11,0,102.05782040074781,80.64095536593871
912,13,1,71.08645230219778,66.53487041241453
913,32,1,136.1986939731927,135.12413962079995
914,37,0,54.359273822301475,76.64797061399709
915,14,1,148.3048976279216,99.70705566474442
916,1,1,86.01014555528933,135.96735083579884
917,8,0,49.86281006207103,70.45689662204619
918,4,1,33.08160917101887,66.71489164487708
919,20,1,72.33077479381691,127.69260316819137
920,25,0,79.89891250571617,109.99788155436167
921,24,0,110.03348566664515,199.73190761737283
922,19,0,60.77748357879443,101.1908808979087
923,33,1,190.2185215897413,181.7189867762243
924,14,0,124.33745294564795,117.82294901067165
925,26,0,93.77850349387647,72.08144373788357
926,13,0,82.7545028097734,32.361699482893
927,3,0,179.8693951057806,129.2131597111671
928,10,1,76.5782459452758,79.477148051446
929,22,1,122.06486765797763,141.8430148101613
930,13,1,143.71865504483858,176.68629753911583
931,13,0,71.7437526085076,80.59090085287202
932,21,0,117.02768685443615,141.9842305910057
933,28,0,84.76801058155226,177.86804252342625
934,3,1,141.25195444329935,134.6028940441644
935,1,1,,124.7722077934179
936,2,0,116.11077850810443,165.10673111363295
937,26,0,104.68387447081474,151.42286575873277
938,10,1,63.388227646153,141.30642764064544
939,31,0,173.21961519800516,86.70966357057735
940,19,0,145.27709812836787,38.06209708636406
941,1,1,121.5891166137292,203.36776838178358
942,11,1,144.9227721811839,216.9629514060913
943,0,1,100.62229856484932,124.98536550056441
944,22,1,66.55183435283595,39.17568529482787
945,35,0,128.324154505188,215.34855778615395
946,2,0,71.17767358396581,132.7837372644236
947,35,1,84.18728665296642,152.84409333116605
948,16,1,122.67203101973959,43.77541301571861
949,7,0,52.99290356252863,91.29968011457244
950,34,1,100.97096955724803,82.12410151873136
951,36,1,91.26105490121927,120.0832145510688
952,20,0,65.25259500767174,128.8085010132788
953,16,1,63.7362820081036,90.00859487616442
954,31,1,93.54234520647948,68.94654928505832
955,20,1,91.23391032934612,67.62278526930835
956,33,1,104.88655577133183,127.51808833128169
957,18,1,55.178440148440004,67.92850616839452
958,10,0,102.60085711501307,78.45651109966063
959,13,1,62.16301421975621,74.41732049668092
960,10,1,75.75846022371601,66.6657359218026
961,35,0,129.1077508843126,73.88336355351524
962,21,1,79.62619442930558,57.85595689580088
963,24,0,85.1897876552275,137.7721882602316
964,38,0,75.59500112067133,100.92629742439259
965,37,1,99.75046770205542,92.21310932079054
966,25,0,125.10822241329687,207.83226884686025
967,24,0,89.54114917775246,94.96484884209946
968,4,1,119.98390458971512,161.53634135162582
969,36,0,60.870107393980646,89.88249897305113
970,15,0,113.87411882336659,71.00672715757062
971,20,1,96.72186359920279,81.66708987453015
972,10,1,102.20843744745419,90.59723085731126
973,18,1,72.2508771840684,143.022648392116
974,22,0,81.51018770619197,71.04830673402327
975,22,1,109.25677219664752,127.54358465426265
976,29,0,64.55295867374579,61.32789597146653
977,0,0,123.12080298399968,124.67014945850522
978,26,1,86.83176600606305,109.92442289908081
979,30,1,113.59485279473303,75.42035962801322
980,31,1,66.11975097827334,104.38753768553967
981,5,0,51.28201389120523,58.62419306960098
982,34,0,119.21204932794782,138.86820670691657
983,37,1,120.58854295014876,135.93697203989564
984,29,1,98.7173970218761,111.9387266811643
985,1,1,119.6402698807071,142.88457163444858
986,14,1,99.61834221931964,134.52834951418765
987,28,1,119.81187297028369,175.6361511333457
988,19,1,104.39586880896742,160.58345920806178
989,30,0,70.9865720523434,112.78096128408266
990,18,1,133.1653083152352,165.4087369397617
991,21,1,71.13810242269672,103.89360996541141
992,11,0,167.7849570114895,175.01352144625287
993,3,1,95.6006101265353,107.48089868462833
994,14,1,72.19476165228836,87.3890737726864
995,32,0,93.62287300655811,100.23787835477856
996,34,1,102.00334093414816,136.51234806558364
997,12,1,104.23150393941923,73.94883885066976
998,25,1,116.93370943732216,156.42579955567138
999,11,0,82.29389809051935,104.2237595774428
1000,12,0,38.473999427744296,59.95072181213465
1001,27,1,74.66982045341618,101.68835098302381
1002,6,0,113.3640308233374,113.34438286837886
1003,38,1,133.89587885793136,208.10036542548414
1004,32,1,40.66386189773019,48.893452836282066
1005,3,0,103.5118616861535,137.07244091273648
1006,4,1,133.9644906833888,61.68195955804477
1007,17,1,58.31675597887451,117.05766845959421
1008,10,1,151.77775681696636,114.52469501853976
1009,26,1,77.41951017691109,56.50426299809645
1010,31,1,97.05751236815257,157.5278120287546
1011,11,0,85.71328970046193,43.3879288013714
1012,33,0,154.1751048233258,81.0727249239667
1013,36,1,,82.92445190601097
1014,19,1,104.69438270733467,103.91790824577853
1015,24,0,89.90870761999054,44.899811700291714
1016,15,0,49.96204653033888,73.06807672123782
1017,3,0,91.79062002001926,144.57557280128273
1018,18,1,82.34239636483166,156.62031405466013
1019,6,1,96.80391322087058,160.77969854368672
1020,32,0,42.984425720783115,50.18370602912226
1021,5,1,138.64851558100779,119.86079885194502
1022,9,0,127.96428078058437,124.82998699767043
1023,18,0,148.72898291865755,126.07895186053904
1024,0,0,82.91484661524598,79.25978233479331
1025,36,1,99.47395632053177,25.0659301680641
1026,16,0,63.67642345633192,62.472643590899665
1027,4,1,127.25079389578406,146.04912791981494
1028,2,1,93.91036296849501,104.17464306235169
1029,6,1,151.0144270789367,269.82717137362107
1030,3,1,122.7174905624593,-28.81021072088086
1031,8,1,123.84252364343969,47.430065456341666
1032,9,1,117.19972970145795,54.60736923600693
1033,22,0,56.242570985471836,111.10948350658045
1034,37,0,122.61198921390445,171.39716609933163
1035,17,0,52.26514403029698,53.330792752099825
1036,24,0,109.77956699738047,102.84657942482104
1037,16,1,118.52250952452249,148.0988297194986
1038,36,0,65.87557509071314,95.68648514780072
1039,5,0,81.69207805811683,97.18388668125277
1040,31,0,95.44077629735226,64.50465256845297
1041,32,0,108.78957510320255,52.93771426619412
1042,13,0,109.52557173011178,37.93075358706217
1043,19,1,101.69469975201174,56.900791387136856
1044,16,0,74.30821913622168,104.85846169380059
1045,34,1,109.04994919409542,103.73731685955427
1046,0,0,175.56257819050504,112.80467783326753
1047,1,1,83.23847672160298,71.37269341072502
1048,10,0,148.5632720179209,121.57979759253381
1049,18,1,64.58590339206172,127.6525413639469
1050,15,1,81.19576012981172,51.304940547881685
1051,14,1,140.48082035075083,207.96144822356268
1052,30,1,126.03623987924477,142.36226425370594
1053,33,1,148.91829346237859,-15.18268588881935
1054,6,1,118.52374041712507,131.76847336045293
1055,27,0,81.9894625920631,100.14499380566332
1056,27,0,102.5986044848461,157.55276832571892
1057,20,1,86.90314390126888,104.88387036129195
1058,37,0,131.81408180200307,-12.64108983604801
1059,6,1,118.79641584408358,42.08887044385365
1060,21,0,137.87884056797907,38.913679765420056
1061,27,1,79.52639558771264,120.14438972393248
1062,12,0,92.65445450684929,46.01723796574707
1063,35,0,87.32213777228564,45.909876996461854
1064,21,0,89.18645803317334,107.33092987403015
1065,31,1,95.43961203514344,139.19228315620126
1066,13,0,138.715468107635,32.66959129481653
1067,38,0,104.56640577348041,102.41779228707703
1068,17,0,135.7493273244542,176.52799174046436
1069,23,0,106.4637632588389,126.58119472133359
1070,6,1,46.5233134612429,122.12316850154144
1071,12,0,58.40625353477944,107.8268139912939
1072,39,1,94.80648618224313,147.21955342263868
1073,8,1,135.11524480615583,103.53909634469981
1074,27,1,100.42604112655805,203.51016115834216
1075,31,1,55.728256925686786,110.6352168672592
1076,5,1,103.88789414383791,118.19272923315067
1077,32,0,92.61946565423689,76.38541492862916
1078,15,1,117.76185068119713,139.3242499521836
1079,25,0,125.13987158531185,88.81685834437395
1080,26,0,108.69339174343327,101.93298734266196
1081,31,0,80.74324265430562,129.51535601086604
1082,11,1,,121.8580511608059
1083,19,1,89.40961761553325,62.08003478532342
1084,10,1,97.91097032295251,119.32342939346913
1085,34,0,111.03568450110222,87.01203593146282
1086,10,1,86.38811987690023,73.35123270717341
1087,27,1,81.00083985876772,71.7675699579991
1088,0,0,114.91789500447722,70.93910112684355
1089,9,1,124.73886509841226,131.58216414080846
1090,25,0,108.54472317156582,158.86862042321474
1091,23,1,69.23534641988928,90.06059701893471
1092,10,0,90.82194871892769,145.42567733706494
1093,26,0,165.19249370386217,81.56290726034263
1094,16,1,67.88320867716811,90.30461323468234
1095,8,1,89.21238784899286,168.06298263337067
1096,36,0,127.61744780240643,127.62135678149926
1097,37,1,71.2233591312523,105.68703426743409
1098,29,0,90.6924438220756,105.64145149811847
1099,32,0,138.72257777455619,84.8557844873605
1100,37,0,129.4838739913584,226.8676501886064
1101,5,0,46.13077735264178,74.26114364256128
1102,8,1,118.25379524845168,167.50934725847475
1103,8,0,90.51650109465182,116.37703697881511
1104,9,0,58.447865145728414,104.15176930878467
1105,0,1,132.08867891222548,214.29788764885188
1106,39,0,84.42858206336845,12.998617381707845
1107,37,0,98.88507782684847,35.94768569327286
1108,6,0,74.4502544735877,17.281426010789843
1109,6,0,124.00221131215253,71.52780980858513
1110,36,0,127.42979639146995,108.63996289916223
1111,33,1,124.1710851823193,135.63340124814135
1112,10,0,172.48784157409844,97.76788368741586
1113,20,1,119.30260092238493,154.7346221135392
1114,33,1,91.46552343833292,133.06154621658695
1115,2,1,117.38948809424977,125.14810679198
1116,32,1,111.93843194776119,63.44753791803096
1117,8,0,123.7669250675836,83.63085954888625
1118,3,1,31.250271705371546,80.89680304278082
1119,10,0,128.3348339439493,146.74456586103872
1120,18,0,163.50309359001432,124.06684841519044
1121,30,0,129.63254788158406,124.22952877103093
1122,21,1,85.09996483248375,49.30111783837691
1123,14,1,168.6896071073676,-29.367970896275125
1124,13,0,127.82686990586014,117.35469174238891
1125,5,1,166.93342781939464,154.93944729320611
1126,32,1,135.39141393723565,74.62057264144512
1127,37,1,97.13188525784162,90.30592583459492
1128,26,1,57.42751356968321,108.2855810893891
1129,20,0,110.05393496204321,133.9981258485019
1130,3,1,123.22721092394765,190.80107647189567
1131,2,0,95.57863988954595,123.2012407880911
1132,22,0,67.95122836257019,85.30151718109506
1133,38,1,132.68053150507313,159.6310352564337
1134,35,0,85.26637862452927,171.13866931016585
1135,27,0,149.87813425899623,220.22838682328162
1136,34,0,91.23702776982837,60.42020771830288
1137,17,1,119.1305087293662,146.0851078465422
1138,32,1,98.18737095164856,167.32657289012673
1139,5,1,119.92580006745669,131.92859369424585
1140,34,0,124.11349449361242,139.11814703949358
1141,27,0,44.35057609751643,103.51079918206906
1142,34,1,87.12645101285187,116.28528951089837
1143,3,0,90.51491222972766,116.67084302532695
1144,34,0,89.59376877134885,77.95181360667998
1145,37,1,105.01723925588315,70.9324521378192
1146,35,0,141.2598384199367,97.190440795945
1147,30,1,76.61874219953732,118.25630620393544
1148,34,0,123.32602074191573,100.010348447765
1149,28,1,94.98371669358129,117.0768440965669
1150,5,0,85.81165020326948,169.6253973028118
1151,30,1,61.926429045283264,65.34462568269203
1152,3,0,83.29378339498656,129.69414068879047
1153,34,0,73.48658634215963,66.98652646648323
1154,1,0,119.75206328777426,143.0011132104849
1155,18,0,151.79597493066092,176.67628037307213
1156,13,0,122.28348077851332,171.31606522880136
1157,32,0,128.074761492478,69.68265754555762
1158,4,0,81.53200057227615,75.62694661455308
1159,4,0,126.75965206559638,118.06240321356088
1160,16,0,80.66992840412459,85.63319029372484
1161,28,1,78.20035140090305,9.266568883623151
1162,37,0,113.5117302889019,120.69842966803556
1163,30,1,86.44590333670718,56.35046179548795
1164,0,0,124.34492837373983,115.74756193774665
1165,8,1,109.97634879216203,62.94779702008429
1166,23,1,97.5353868697719,120.66906771511046
1167,4,0,88.22876002524033,89.20322984938957
1168,5,0,111.3252001629149,221.50927766586346
1169,36,0,113.38958497086563,142.23458291428116
1170,22,1,108.01310818462252,113.63520778277007
1171,35,1,139.21452206507468,180.08047382620413
1172,27,0,88.48554351151843,35.874685886314964
1173,4,0,64.4817803492157,108.46975979926748
1174,2,1,66.29580535407055,129.37851327958373
1175,23,1,76.53616405242735,84.99113965481486
1176,15,1,78.29476558009429,83.9827043348929
1177,7,1,101.4682848244414,51.981043956335895
1178,23,0,154.65633896141378,146.40749300849055
1179,8,1,75.41722463948234,131.4077287586514
1180,38,1,80.42589215358407,62.69126585952898
1181,37,0,89.72454221705746,115.92539532801355
1182,8,1,76.15816208785074,68.33189530389602
1183,26,1,82.7667293868692,161.46331633400987
1184,24,1,126.49476043534332,20.993557589024803
1185,30,0,143.59424951377676,102.25119019913153
1186,8,0,84.44380949983231,128.1907865741299
1187,11,0,103.40393468596196,58.25831103059453
1188,6,1,132.75897448061863,97.1394577836862
1189,31,0,115.00661605589755,108.60901808019004
1190,25,0,99.96180416093783,96.17900003057088
1191,26,1,116.04428553954746,89.09436736379138
1192,0,1,102.35836826541828,89.96554910357958
1193,13,0,85.38179959509681,76.38219715512435
1194,27,0,120.48549979170718,95.93109587603922
1195,19,0,86.56450544641281,71.26686145738277
1196,25,1,90.55602428751777,144.79509243496966
1197,9,0,114.16373404579038,111.38581626770471
1198,32,1,71.0572366338599,108.713706546964
1199,23,1,126.0723481862291,152.07663459779866
1200,1,0,83.67787640007045,50.062472793686354
1201,7,1,76.17354997189184,75.05832300817079
1202,19,0,121.11017836387991,198.4231882304423
1203,17,0,124.40742462219936,15.403924341409905
1204,31,1,133.09936288166395,92.38285044072481
1205,34,1,144.28399232284463,168.5855648908048
1206,25,1,75.55867259649077,95.84411645886229
1207,26,0,97.22552508298381,84.5644097539471
1208,33,0,72.95910400090193,135.39339875104315
1209,24,1,82.62555604418694,64.96934384888074
1210,24,0,129.8384025263034,168.82188030995923
1211,4,1,113.49464971157957,50.162354581173915
1212,0,1,112.10119304550743,50.527868791382815
1213,32,1,116.44261102104188,100.49085111379858
1214,38,0,92.01461199377027,106.88596753454358
1215,24,0,141.21558580044535,244.96127542157285
1216,30,1,74.84782144174352,107.4362794246459
1217,37,0,123.63922956426623,118.08716384097201
1218,6,0,86.69690980165835,120.24969569742267
1219,37,1,77.10691103530003,98.48910167291683
1220,20,0,162.91403963356464,94.65667446137047
1221,37,0,92.85798239630127,71.56769850111317
1222,18,0,123.91146569941317,142.23542922672783
1223,21,0,80.56237223955273,77.9704495626775
1224,28,1,81.96701015214593,51.03839592769383
1225,30,0,138.58347801561672,75.06043689547161
1226,0,1,115.57675557855727,46.88835038913079
1227,4,0,105.47141127993095,159.1731760901707
1228,33,0,117.03926906019046,23.311134564687876
1229,1,1,121.45463794272888,159.38775992853485
1230,10,0,128.25156821479655,95.1939931275306
1231,31,0,117.5062998209099,165.12888119532633
1232,24,0,123.39338620778291,196.8401876903132
1233,26,0,112.39189698176321,89.48853089983729
1234,1,1,107.28617527417896,151.91250915890484
1235,37,1,135.84429188555535,139.50816215902174
1236,32,1,39.1296820203544,42.99855230473531
1237,12,1,127.23604062472266,195.35852918304872
1238,26,0,103.75077181477994,135.35033968653659
1239,19,0,108.31869175441761,126.3088832446515
1240,17,1,95.40021241276995,149.8283791852553
1241,31,0,82.18331357555599,100.629224699295
1242,17,1,120.42770936956103,97.4985852854939
1243,24,0,67.66996702258382,92.2292933733942
1244,19,1,73.45198084432116,58.92811823770405
1245,33,1,73.10752621385457,169.602076243964
1246,15,1,150.04428837715767,59.697407385992236
1247,15,1,101.74897086732933,148.7121387690609
1248,7,1,101.01454911304528,99.44695021877266
1249,33,1,60.26674750969709,93.79249419044287
1250,22,0,103.58817151828042,135.77367003162448
1251,34,1,125.9577885525815,78.61416020681061
1252,15,1,69.20764642493799,91.04486527003428
1253,36,0,102.89471745044743,-11.188839478480702
1254,33,0,106.79071728803697,104.85037585306529
1255,15,1,118.65359220441636,173.5556239720475
1256,18,0,129.20549506488976,103.3999673013967
1257,36,1,158.27375780935552,101.13645994535437
1258,2,1,100.38743419712989,77.92582427464203
1259,12,1,101.21972491862678,0.9716718262739334
1260,27,0,81.69232325852155,40.921610002756765
1261,23,1,128.39351865966273,143.1077409449237
1262,32,1,99.21253642125761,180.97328143557166
1263,39,0,113.88814069070075,144.45704093210384
1264,22,0,120.5606845019147,119.22942542336109
1265,25,1,95.84782305042366,110.65157605670886
1266,3,0,94.87881519789988,120.10686940614522
1267,23,1,104.8122770501624,188.49684643469664
1268,37,1,104.30384197129317,104.77424991492946
1269,14,0,101.80622708049053,100.37850795648745
1270,28,0,95.72216257960558,113.34053397768915
1271,20,1,98.80630650000515,141.77537661581815
1272,35,0,135.52491559822238,133.6909782083669
1273,19,1,82.5224811688719,52.436737146602496
1274,4,0,102.7972955598034,25.8041619708237
1275,27,1,100.53699163972509,113.70728729646437
1276,0,0,131.37705378950596,161.01023416054414
1277,21,0,85.20993260103444,166.30966110742895
1278,2,1,93.47220050733371,123.39550289477756
1279,12,0,85.63759112149125,41.419214195379624
1280,5,0,123.77524615831089,91.92498811262583
1281,7,0,119.02080190241726,44.50610324177292
1282,14,1,113.09456099377155,110.2788823561159
1283,39,0,104.68449022318146,153.46030798942968
1284,22,1,165.85570738763698,166.46764156829522
1285,24,0,109.50745931856856,197.39524461199136
1286,21,0,44.72410618151862,68.94099484627684
1287,6,1,58.19647633904817,96.27889292883836
1288,37,0,60.042425029216794,84.0362666010657
1289,13,0,87.84483245633875,107.80169681287441
1290,19,0,56.274945256471106,77.90311742654961
1291,26,0,100.45425274400607,111.69194850072604
1292,10,0,58.53280132539708,99.90067669395667
1293,9,1,98.48434813855165,87.4237392326116
1294,31,0,81.63740913281876,88.61198754790922
1295,35,0,114.67353243862786,128.3578358330451
1296,5,0,103.65579917321888,86.69790441599571
1297,21,0,71.8905821190604,54.72031111721194
1298,28,0,152.26452485340388,145.96071260538662
1299,27,1,67.12469010219385,110.09607247713338
1300,14,1,84.4259639519133,78.07134029731989
1301,26,1,59.20427709728823,66.20046696887425
1302,6,0,128.26633070022376,5.6763553508618685
1303,6,1,127.29693146762179,64.76298259715004
1304,36,0,97.0834376764274,111.35415130174363
1305,37,1,28.31226196401842,30.29711828207691
1306,34,1,122.41385487620894,109.10849588455324
1307,33,1,151.81618407088766,139.70879042217464
1308,24,0,74.16265061108948,66.59100914157167
1309,5,1,113.50361201496712,86.88039671386662
1310,18,1,125.96893435265912,174.91545473886276
1311,22,1,100.97416371828105,142.91968546359686
1312,11,0,65.49543283267813,55.037798744545846
1313,21,1,93.9009565201934,152.37167472291674
1314,13,0,80.88081700030544,147.6884193266692
1315,12,0,115.78025507506837,58.11216848337504
1316,32,1,48.46075667585095,55.4658123280543
1317,15,1,,82.14724300338293
1318,22,1,101.75734427268972,139.77988894021917
1319,10,0,53.93353809278244,70.43864587245136
1320,31,0,70.14993947001199,70.88973800670675
1321,25,1,115.51361093851277,70.35118608049554
1322,6,0,137.1378294278824,156.45896897209397
1323,17,1,124.81874208117983,130.25094629085322
1324,19,1,184.91408941428713,158.65635939013313
1325,4,0,105.09252410360209,97.61950919666563
1326,37,1,64.47284117959742,100.68995604092989
1327,9,1,100.40476217312097,46.321755150815704
1328,3,0,78.22026608656526,74.67441085000743
1329,6,0,28.986774626222456,65.42799759854887
1330,29,1,130.42810122901273,142.2985544487518
1331,25,0,70.56631914187642,100.41959937452422
1332,9,0,72.18047089217632,112.04639075879751
1333,22,0,152.59949759027558,133.29074043992838
1334,23,1,80.46225550767714,129.29865611953812
1335,15,0,74.43436132906561,96.81557169152657
1336,12,1,124.28791390021712,135.23457931003392
1337,21,1,153.76251930315578,134.81923368669538
1338,25,1,44.18545323382156,79.79689530205576
1339,25,0,67.19083609464079,84.45130968802472
1340,27,0,80.95071924590809,117.99232815626695
1341,8,1,122.54015939435152,89.84468470026172
1342,38,1,106.8032265378834,85.07720575468102
1343,2,0,132.93449726526484,136.67601541947198
1344,15,1,56.27707157138941,87.4913663680773
1345,38,0,95.91420191120976,138.84352874874165
1346,1,0,142.58722146527447,192.4229369452325
1347,7,0,45.185724454052256,93.38260078430652
1348,34,1,131.27969597219047,51.345002290505136
1349,9,0,74.70779917281394,117.0191212378082
1350,11,1,107.65028018954608,144.49914064752522
1351,28,0,68.14198412051833,107.83911009765046
1352,13,1,118.02608511719257,147.23732410304746
1353,39,1,,131.87379676669994
1354,4,1,,127.6540120421133
1355,4,1,148.22808774258573,69.62291196400133
1356,34,0,69.7461202571793,48.13280070789864
1357,16,0,128.50060509836956,113.1818855411071
1358,19,0,,123.39800905667063
1359,34,1,127.91503968405694,140.5023854832585
1360,26,0,124.38207126449076,173.20627477077016
1361,3,1,78.16144751143173,108.61686574109015
1362,28,1,146.33746523904853,148.2817387645543
1363,10,0,98.31121786237725,134.34701853469252
1364,28,1,58.92702897598633,120.28575470828099
1365,24,0,90.11092317294884,97.6383013825084
1366,32,0,126.61471668096442,95.18217330425685
1367,33,1,101.10445880524432,148.55530931988716
1368,36,1,127.06135290190082,150.14991095869158
1369,4,0,142.0059181493923,98.88846236821354
1370,3,1,124.4865787716033,124.05453547583689
1371,16,0,116.10262203254617,65.97915568854484
1372,15,0,106.33056531401061,99.44544418680374
1373,23,1,114.15087490251123,157.56984818892698
1374,33,0,143.2392336042372,-0.8595261305265609
1375,21,1,82.50741130790803,97.53333244091993
1376,25,1,94.51349758626877,65.25679936609812
1377,21,0,123.83884424373264,95.6313586697527
1378,20,1,71.05332016046381,89.1789948400133
1379,39,1,129.91008118959348,77.93345209008761
1380,23,0,101.11788302457173,102.47242499168371
1381,39,0,114.96654768778996,53.7469260990582
1382,17,0,82.27807478008181,64.7185067619906
1383,8,1,94.1362005971618,57.80043953790452
1384,25,0,136.11497222955407,79.14961138218705
1385,10,0,68.17220995591458,94.47132974744316
1386,1,0,130.57385962537555,100.35121745250186
1387,16,0,133.6576526178311,178.0230029265142
1388,25,1,103.21414489583486,107.08346681833125
1389,4,1,42.660448994932125,68.3725855097068
1390,14,1,67.6161605536754,131.54459709105248
1391,5,0,112.03936141547005,121.78903753672327
1392,32,1,131.87488456090358,164.05393931095014
1393,22,1,58.99336485915016,117.76652526597707
1394,4,1,111.3063314621845,180.31629707917818
1395,39,0,107.50544630532596,146.3919764746403
1396,8,1,55.67966421574693,126.47159252348135
1397,11,0,105.67130076211183,73.30448467445913
1398,25,0,77.94698445235751,109.85459050522157
1399,7,0,55.79889932085511,111.18017573696754
1400,33,0,153.48159098951348,124.48024783691069
1401,24,1,77.85213398865898,143.4226997729909
1402,10,1,57.83709469716864,93.67933674328934
1403,11,0,58.18701950734056,80.1939983814879
1404,6,1,157.715491281596,175.2919791603291
1405,0,1,129.60340231092928,75.41934231415206
1406,1,1,116.62518811323956,61.466531036741955
1407,3,0,75.55449675730196,85.94779634798911
1408,25,0,111.6864434852441,9.00457260578682
1409,35,1,102.48970929827892,162.01514960282097
1410,36,0,122.16855749713525,90.15433010523076
1411,4,1,56.95923135155674,132.88237601186557
1412,28,1,121.85844485851601,134.20670490332185
1413,25,0,129.52484091687856,83.24361677523827
1414,2,1,73.59538320949306,81.15857230412094
1415,16,1,72.31401221914054,118.1701545141342
1416,0,1,96.66351178069972,154.83644567905904
1417,30,0,60.18209152985652,67.89543948433534
1418,24,0,91.56210938762655,46.39843285460596
1419,20,0,91.37037450735221,107.72782600034303
1420,18,1,141.00970766915572,167.85454533802599
1421,9,0,70.18691579928644,103.78695698318506
1422,15,0,90.52984655390547,37.71372456736016
1423,8,1,139.3609233121247,107.37337947866887
1424,10,1,48.87721837332299,102.26144681896433
1425,9,1,130.80102369852818,217.79494422135653
1426,1,0,86.24146802695716,99.26259900448014
1427,9,0,117.41051777061479,53.479878057890446
1428,29,1,99.68742380709648,135.1265386948909
1429,10,0,119.00955604814936,-36.21379720478848
1430,2,0,0.3776343577547152,47.98280383410973
1431,11,0,78.67751388334644,79.68333211301962
1432,22,0,34.82767632857896,112.92205555422962
1433,23,1,91.07788220206508,90.53477578303466
1434,26,1,80.31141847509775,64.07426437242557
1435,21,1,101.91988736778762,222.7980878069183
1436,22,1,150.07995492907352,172.0318870472224
1437,2,0,115.8938463971504,106.94378496325854
1438,6,0,112.2473660192949,80.08109196882074
1439,16,0,119.29460453044447,66.65359434670344
1440,1,1,93.05105642525018,51.661083088447526
1441,37,0,145.53818155752603,150.63098229290168
1442,22,1,120.32183827575068,97.4218519191322
1443,37,1,101.7937637572554,143.07655867943132
1444,1,1,137.14297322146575,161.88280183482286
1445,12,1,89.5724064177735,136.00633534175654
1446,33,0,85.29567224755482,76.735290681648
1447,6,0,74.3594624609338,91.78477097387052
1448,25,1,58.26971059803517,78.66420093669657
1449,11,0,64.22219837493853,80.64584530554605
1450,3,0,135.56390486359498,76.92113911732287
1451,5,0,87.46420783205238,10.81466176592815
1452,6,1,99.17413152464098,123.42394366258756
1453,10,0,121.9517554012753,48.556318670615504
1454,31,0,95.59447393040529,184.35387292770957
1455,36,0,70.82732594646768,89.82421683119729
1456,25,1,74.83244599578472,49.704683167011225
1457,35,1,86.55419176313681,102.74547922028681
1458,35,1,130.55325724916656,162.823997242763
1459,18,0,84.11280653109225,109.11689813457582
1460,13,1,82.75350624174776,78.10854720753574
1461,21,0,115.49506483910649,123.19462836371478
1462,1,0,100.54441361308919,112.93547390619415
1463,28,1,101.60378270587825,98.76713697470348
1464,33,1,106.57024311669984,104.10708404701984
1465,28,0,150.64199931246057,139.42147018544821
1466,24,0,89.693552295221,93.82358217757547
1467,27,1,85.89531848630344,127.6949993927754
1468,6,0,153.59142169650335,181.2310731133037
1469,29,0,72.6848858349866,124.8121380388736
1470,7,1,47.97523107973763,72.5286475124044
1471,23,0,125.46081118443396,91.17453141089723
1472,24,0,85.33269499266757,102.9612388984161
1473,5,1,99.13458674309065,126.83069021389801
1474,9,1,102.2962037941512,86.52562094258747
1475,27,0,65.21014196445284,80.36409090492552
1476,37,1,114.66614235481316,115.05146586706977
1477,26,1,63.52339489808353,101.72317597869372
1478,39,0,124.76220607125386,146.2975835975009
1479,6,0,133.71466982064902,94.06382541381477
1480,5,0,78.91566727398707,30.073818203443125
1481,7,1,132.32317758079523,123.90995622726687
1482,26,1,104.99902604336326,107.91536166879226
1483,25,1,154.6644345703241,132.24805883430173
1484,30,1,100.45012555979922,145.25477735262658
1485,15,0,45.87293800910556,37.25121287427603
1486,34,1,45.13890042672766,98.01272909400738
1487,32,0,126.28894558941528,188.73959156422796
1488,38,0,85.84012221386268,54.00661140476324
1489,11,0,111.1766951250112,104.60733997923313
1490,13,0,66.25225470624119,80.56247972613141
1491,26,0,82.26885090645543,114.38766344169363
1492,30,1,32.96092612390201,85.22901801774512
1493,24,1,111.08749135829171,95.90935006461338
1494,15,1,123.077739892268,241.7324968027889
1495,4,0,76.2872812363733,78.16787471630309
1496,22,1,114.3882971546169,142.87139944876887
1497,11,0,77.53796755609687,113.60135190534335
1498,21,1,110.13659113976708,136.67658925877757
1499,14,0,85.4988386451688,92.85337660790402
1500,9,0,72.76229147552652,65.61265540372682
1501,12,0,112.8898967860683,83.88659269911471
1502,35,0,42.823977087838664,69.84762040001516
1503,3,1,153.5052238622406,221.46561349786373
1504,28,1,51.279279239545644,54.48235321912901
1505,9,0,39.29348389303711,55.67083370564837
1506,13,0,106.86521569027578,85.31748581715317
1507,21,0,67.40262833191733,62.39737334057412
1508,15,1,116.83512564876659,150.26220157666103
1509,9,0,56.609545014149184,67.11187884587595
1510,0,1,143.08831104825987,110.16082221831411
1511,25,1,136.79602988007647,104.4163853846544
1512,10,0,67.02386333698225,105.75976070197528
1513,16,0,158.17408630040887,155.73885080928613
1514,38,1,85.5821165347481,90.82187643866038
1515,18,1,98.82419580316987,130.07394277897268
1516,17,0,79.0970534304072,98.35223532059129
1517,8,1,106.94302565540228,180.22918609882362
1518,31,1,110.41963436518812,71.82563595942361
1519,31,0,94.95610341427192,21.691314604450298
1520,22,0,107.82843418689804,95.60779351156332
1521,3,1,102.72310132328205,91.94043270570903
1522,18,0,113.17818168455793,70.1463123128671
1523,37,1,59.46129669126582,87.65853386032701
1524,26,1,85.93543619487427,117.42742916052764
1525,23,0,63.96216878483634,84.58766991909935
1526,11,1,97.17714350066868,126.10817177727048
1527,37,0,96.77339523855997,64.01554508706933
1528,0,1,92.9313084327531,178.40820622315223
1529,21,0,78.23861877881764,77.68210609409046
1530,19,0,153.51555393579775,64.61557674213674
1531,14,1,69.76246374760203,97.90819398919314
1532,13,0,114.40180887552677,125.63741414534766
1533,14,1,85.2565527779901,43.12670231382115
1534,19,0,142.96907381516866,154.48629299711897
1535,37,1,134.95370199280887,144.6088702508992
1536,3,1,111.63431156983349,129.9216308442993
1537,20,0,119.17477417716519,109.45705352310105
1538,25,0,73.45307235081216,141.10869099299708
1539,15,1,68.07755929613117,145.0221721678695
1540,23,1,122.02809418558799,66.73554918655769
1541,6,0,99.38494100668812,83.44580720587206
1542,25,1,52.446632861862845,75.52456400890252
1543,6,0,93.73844643809966,90.79675130494888
1544,36,0,59.71767634120916,56.35531048231148
1545,16,1,55.71693442888255,57.43730976288196
1546,30,0,96.96635189768422,73.28148719165121
1547,18,0,100.5834151966996,85.52186602369513
1548,20,0,89.17063793518768,129.72964733095813
1549,32,0,83.71915178570052,113.97918803135252
1550,0,0,67.194714778291,105.74497679491729
1551,4,0,92.49574213934646,110.68318852930362
1552,30,1,94.74825984441654,165.04921921896454
1553,18,0,84.35249428063715,65.34565741571981
1554,6,0,169.12439365286943,116.21687611931952
1555,5,0,89.94478321178867,119.62425920407087
1556,29,1,102.03799899202436,77.15549601449229
1557,10,1,75.30423774467681,119.99450506507537
1558,28,1,93.28814480734879,80.89247087123044
1559,19,1,100.16956434249471,96.5666415962555
1560,26,0,115.55035190674566,77.4707309920421
1561,35,1,8.257032110555954,80.65074148219254
1562,34,0,130.213235095448,76.82778632327356
1563,5,0,114.92280357642998,112.2120937594736
1564,14,1,106.10413146678113,146.21325804009663
1565,6,0,67.88788664650549,101.7793341249038
1566,17,1,45.66119870024167,93.4934756705551
1567,28,0,64.91483596686899,49.63758074955469
1568,26,1,119.40385898359114,149.82800391701863
1569,21,0,118.33837637668015,72.26507883324518
1570,39,1,98.73592722710791,148.64396748105253
1571,3,0,120.4654408984244,101.04255255109149
1572,15,0,71.21517403632676,104.47324001077723
1573,27,0,66.30304854696554,80.7451537925645
1574,2,1,136.63212987535843,131.09527102763715
1575,38,0,132.28762730089682,65.45788862606777
1576,30,1,122.56417702141667,123.19305720739152
1577,29,1,132.15805771557655,183.47564115317005
1578,26,0,98.23626424806118,103.44842340392448
1579,39,0,30.707460240011443,76.08430759446411
1580,28,0,91.51302398702425,61.4831132469879
1581,29,0,132.36218211841424,185.86956525486488
1582,6,1,92.02791156071156,67.30964556185975
1583,13,0,120.3444331391053,176.88437462400447
1584,29,1,117.9920116252292,101.90461328005799
1585,32,0,72.58591585707049,4.575996788745755
1586,0,1,114.98392932781786,134.4870599151399
1587,22,0,102.17551057286731,104.75783213858516
1588,5,0,56.43103544703249,53.19667338458202
1589,3,0,131.51329355290972,53.55180125605
1590,11,0,67.63519357406662,97.97329089131371
1591,14,1,113.46388678832086,118.73982922233499
1592,10,1,114.65715393757176,108.82320847728087
1593,37,1,76.86518638967141,141.68967102241592
1594,10,0,72.05239363608324,81.07988121987778
1595,26,1,112.7514628492505,102.17560130813229
1596,29,1,106.65288864722673,49.1014621020952
1597,14,1,135.81837322707133,110.51761484180241
1598,9,0,104.92479120420934,120.18748246237385
1599,28,1,115.03693226584627,144.37914178658485
1600,6,0,104.93154008901546,124.86261140508233
1601,27,1,127.88228147922648,116.7272831857541
1602,36,0,70.011289068591,103.7730525162944
1603,6,1,43.646627670714665,40.956640720309366
1604,23,0,114.50606301165892,88.16178950870041
1605,18,1,93.740956647661,201.1911016616067
1606,26,1,80.80052980869601,127.70078184751118
1607,32,0,149.58679836163557,126.66250654165347
1608,8,1,57.46696300458463,111.61375903738401
1609,4,0,91.23413142652393,157.37324386570316
1610,11,1,126.76138884411841,133.88911789438617
1611,21,1,93.80137600970349,132.54566511242737
1612,6,0,87.0713149539151,126.2037084885271
1613,4,1,109.1144010561985,117.89040232387494
1614,14,1,88.49868313167937,136.60876801704063
1615,10,0,48.776803337335416,53.117575283863545
1616,9,0,60.28958938425279,142.50137169391195
1617,30,0,119.86173545334508,91.17934962834752
1618,4,1,119.45721637877259,133.29260783097143
1619,14,1,64.46773359279149,146.58068203730835
1620,38,1,107.4780029162204,219.11751517245114
1621,32,1,118.63243412921459,164.08765600205498
1622,32,1,119.56001244507749,141.8087559825286
1623,29,1,142.71945337151226,188.3318304336685
1624,12,1,128.84343754629413,10.821293077085087
1625,25,1,97.85394553512465,116.35578949814396
1626,17,0,92.50764521418795,154.04225316565967
1627,6,0,119.9919183812332,104.51210342672006
1628,0,1,65.7610888476883,152.55186602369983
1629,18,1,51.396431116991266,128.6145296231648
1630,11,0,123.82075865690621,118.32391517528029
1631,35,1,133.40953053455132,163.21705415331968
1632,17,1,117.75996050345768,165.80716590085598
1633,25,0,109.18883632074197,165.02814729302085
1634,22,1,52.99539549561482,98.25694731810191
1635,2,1,57.91814752336032,45.92007157842805
1636,23,1,81.49943934813234,109.2664234611755
1637,20,1,149.21396653176433,298.153737250434
1638,39,0,91.31390102809142,70.83001184320278
1639,18,1,105.10456509220248,134.272432990001
1640,13,0,76.45934816489782,78.60107567360392
1641,19,0,139.61324083216695,140.94706047278612
1642,33,0,44.23350371405871,120.32382973566504
1643,16,1,148.90980932213614,217.81528613909353
1644,38,1,100.33224147345973,61.177081452806
1645,32,1,21.75497366950738,68.77829173545554
1646,3,0,102.67310471114433,110.69865775963481
1647,21,1,117.47892636983673,128.31526031544902
1648,21,1,117.35694875742264,114.59425548496223
1649,34,0,114.20920554845804,60.82514054511626
1650,32,0,91.35068473558252,39.821460615588656
1651,38,0,91.91747445957577,91.67732233221012
1652,17,1,103.72327336786907,141.4653362186448
1653,35,0,82.30708375667622,85.74398961842404
1654,37,0,151.4194652031834,112.80426356702571
1655,30,1,65.07692750297419,144.10126711131835
1656,8,0,104.53032947453906,93.76487902383334
1657,0,0,91.83781121349755,124.43283300961433
1658,33,1,57.15484301935736,107.57586742555979
1659,0,0,142.5083362205388,94.13213324334082
1660,26,0,108.27809841690778,171.45472611103483
1661,6,0,79.99517860878865,47.09863737733015
1662,27,0,74.67521265396232,68.91059148863452
1663,20,0,92.40644129888392,106.62154100309577
1664,3,1,147.14259782755158,207.71845206509244
1665,11,1,106.91893367642133,185.79773299692022
1666,9,1,73.1936423245763,69.70656327323948
1667,5,1,104.47509603672151,110.23970432879173
1668,34,0,79.54840778154532,40.74959481808862
1669,37,1,116.17249115946464,65.89778346722971
1670,3,0,113.70008386858949,184.10230547740974
1671,17,1,122.98746018979183,156.23533013310004
1672,39,1,110.38952223688095,152.64058380998216
1673,7,1,104.01402805771556,88.4789798916593
1674,38,1,62.64398454861416,103.36000895830246
1675,20,1,108.1337657985841,31.736347485037385
1676,32,1,134.09801418545393,136.0062743646358
1677,39,1,58.277436350320755,108.72431116818727
1678,23,1,128.52228820706426,212.75925015732668
1679,28,0,83.21634858730644,96.04375667283463
1680,0,1,82.39364505008771,120.56984508257304
1681,36,1,83.02064465952917,139.19965129743503
1682,8,0,122.248435056294,225.33766393458365
1683,4,1,102.42489659694678,167.57958575068415
1684,19,1,106.88653311350087,160.71715474523864
1685,29,0,71.61426678350102,68.24631159800981
1686,20,1,148.24075481614824,150.99284750390362
1687,13,0,73.07803182467902,79.1693800226127
1688,34,0,140.25747347532499,67.73784584156049
1689,14,0,138.52101224456044,158.39820818550587
1690,15,1,123.08054668252501,96.18278513114271
1691,18,0,64.47195006171553,98.35681093216076
1692,31,1,103.29205728213235,80.85225409101861
1693,18,1,79.30017106854623,116.86895692991976
1694,16,0,147.85654751525436,24.656633945671075
1695,31,1,109.85932080478456,116.69615950064969
1696,35,0,114.71426333085087,176.26716677477924
1697,11,1,108.55361241202085,110.8955847255666
1698,2,0,109.83590718402465,71.09611492031489
1699,18,0,132.90298783594824,132.08094413261477
1700,16,1,165.58271001462987,115.21106172544424
1701,17,0,124.96424839471865,108.65630683265272
1702,8,0,139.309445228301,146.33845972020978
1703,24,0,122.61551076354388,93.12204447678388
1704,24,1,115.38579758708272,97.01264272674071
1705,22,1,68.08759693816931,49.456154712236945
1706,30,1,91.02885291840572,47.748470007416245
1707,1,0,84.68302277590573,66.97776068609184
1708,5,1,120.24019301214425,142.23609343449615
1709,34,0,15.734011796317716,62.65659189996432
1710,2,1,38.065505806839525,87.5051760822127
1711,25,0,88.00275587355199,79.83829683498304
1712,39,0,114.7422875753838,118.80963759430183
1713,6,1,92.37905870155582,116.08091269210111
1714,2,1,100.20954996206945,176.01451759999378
1715,19,1,124.46612194768232,121.76718101276626
1716,25,1,145.65719530148914,99.04300863744723
1717,36,0,153.02290805771585,114.94574099046837
1718,31,1,120.78926109717325,150.18336154991866
1719,35,1,135.96555243510267,172.5213109616961
1720,7,1,93.10187557061553,93.39242351473689
1721,16,1,78.10849093846876,126.46250189610798
1722,10,1,122.49355241466682,98.63147232712319
1723,9,1,150.92992166465686,238.79618272928488
1724,6,1,120.89563810550789,124.71332457447852
1725,38,1,48.639318202348605,81.96056106855491
1726,22,1,136.53619636929938,42.63639837510431
1727,29,0,161.80442590236288,216.98002070329198
1728,1,0,,81.77127392353825
1729,26,0,97.89590693707459,106.5972464432908
1730,13,1,80.81693377035462,91.59356440185101
1731,16,0,72.83328341274739,16.10729783102613
1732,11,0,149.38879320320638,133.4513700418555
1733,34,0,97.83256184049604,82.12431878465705
1734,8,1,99.17927843045923,106.89043507422218
1735,7,1,100.95069474824686,101.65243945813592
1736,31,0,102.26106066283428,84.15187699305255
1737,33,0,117.12758798003891,155.31948765550837
1738,23,1,94.68957783290601,119.64718471162665
1739,32,0,116.4798171434197,140.67733904463262
1740,6,0,90.63868228258876,78.83397212614396
1741,20,1,83.77024742701913,100.70685492197593
1742,8,0,54.58291931924295,56.384585607833515
1743,14,0,109.98167904716075,118.54704572671115
1744,19,0,144.6480719892054,103.47170339347501
1745,27,1,124.5444821968933,108.2411434294591
1746,10,1,138.76465392740334,114.78224681282579
1747,15,1,95.29765369761239,71.78166689954222
1748,14,1,83.9824161373225,137.56317909518185
1749,16,0,83.68735389362958,54.56385625386143
1750,25,1,73.57601533004058,146.86808802018314
1751,10,1,129.97018604101166,137.39702924998835
1752,35,1,143.11201802342876,209.3607208787486
1753,31,1,85.6120960095443,182.12751192041623
1754,39,0,119.01072799898509,137.01653719625142
1755,6,1,64.85684403400784,116.8116973420998
1756,14,1,115.39331442103934,130.4751613293867
1757,19,1,129.23651801374672,161.5538248733414
1758,19,1,81.56409043529185,143.16043443540275
1759,17,0,142.52879342790766,133.5851825980045
1760,9,1,93.00100498616301,118.11565332320174
1761,39,0,113.62787195193813,99.914175131402
1762,39,1,154.61575199760725,95.81298684347081
1763,4,0,60.049676934233126,113.11269965542832
1764,39,0,119.70699474655267,160.06233378398133
1765,22,0,98.01629531389868,169.1000511626621
1766,25,0,149.33127928621042,69.32717171596528
1767,8,0,104.550073369275,122.24326923910759
1768,33,0,100.41746622556177,121.98348291474265
1769,38,0,120.04941691684284,177.88184268174297
1770,28,1,157.31291194767576,171.71562269173762
1771,5,0,87.90514185950555,84.9109625459189
1772,6,0,77.3776494134985,100.34781304493282
1773,36,0,82.10416721163448,146.30989671853428
1774,32,0,133.24257489472126,103.6281390049277
1775,25,1,51.93467803786481,98.84378948600107
1776,28,1,70.51352007211216,106.01096484033525
1777,7,1,85.39293055364996,134.10447645649626
1778,35,1,77.06684767758648,129.34555853720565
1779,16,1,98.53063723091164,82.96931703822466
1780,11,0,82.40515434051594,174.11179060655206
1781,11,1,43.84354159873786,74.76604445895126
1782,24,1,170.5384159925248,100.8498518274703
1783,19,0,133.94263464784484,120.34097668134748
1784,8,1,97.99146515306509,162.09216486323191
1785,32,1,86.55899373963406,150.09663401879743
1786,17,0,82.48196399187134,171.98081218981258
1787,19,1,48.31503498239313,94.27387275478908
1788,25,0,69.6156117015195,70.35979247617047
1789,39,1,108.37081482160232,83.82269392124266
1790,19,0,110.9611260205657,87.55032211186689
1791,36,1,144.81447202590195,166.03227338238196
1792,18,1,102.59595833633504,119.65825705361507
1793,8,1,84.38207956819784,31.17804996895329
1794,26,1,130.24205166561669,128.5902387505721
1795,5,0,120.51087754921143,131.3162159690231
1796,11,1,64.78583710310643,79.79090878536967
1797,27,0,81.66498435662884,64.92570977966962
1798,23,0,128.98456206238387,60.50917090492912
1799,14,0,80.04802310770086,125.21342090004377
1800,3,1,105.33476469372363,194.18402460742072
1801,10,0,73.1869314979748,116.1571266445686
1802,22,1,133.7358030231098,114.86058166584709
1803,37,1,164.11686230982116,116.21827945785326
1804,37,0,41.65601746161162,107.3754257253991
1805,23,1,71.61256554494236,165.29079222146714
1806,5,0,123.62497109918341,171.18637357216323
1807,10,1,111.28944582804864,115.88323485004035
1808,14,0,100.64099304560902,37.588026330602666
1809,22,1,63.86034606960747,128.35050587590993
1810,18,0,50.09221678241117,115.11427355528474
1811,22,1,90.69220331822979,122.4590764401899
1812,39,1,132.06484031258822,97.2418513340566
1813,31,1,132.57436884697057,142.8553002775984
1814,23,1,174.28683771083672,166.72096782390167
1815,16,1,,80.3456193409702
1816,39,0,109.51211115172768,98.90065477381228
1817,20,1,111.5802483254403,38.95906893911358
1818,13,1,161.32280097719615,137.540985216697
1819,6,0,83.32643720261946,29.235017648609436
1820,1,1,145.2052324126469,104.11884697598009
1821,33,0,56.54103759329522,52.08167200423331
1822,18,1,136.07333248378956,128.05914819146233
1823,36,1,75.7795093835431,139.3279524709784
1824,33,1,72.2901971099977,67.90787787107394
1825,0,0,114.23756007488714,119.93563124409717
1826,9,1,89.30292819161656,57.11471138286551
1827,30,1,110.61385732634615,110.59917121587372
1828,3,0,98.76652508654341,93.92801494423651
1829,38,0,77.95294525684804,75.90751256228074
1830,8,0,126.47654194295109,80.41587500205834
1831,34,0,94.24097976575433,60.79880743063063
1832,7,0,81.04644345648876,39.018487012957394
1833,31,0,80.32037163880936,38.65985977539703
1834,34,0,44.25519519478662,28.28032003477491
1835,8,1,61.67198692375134,109.15335780567077
1836,39,1,111.10718867273883,83.97328158251722
1837,39,0,107.75165852872198,147.7227827091727
1838,0,0,97.21611701455345,128.08352252631443
1839,14,1,141.0467153971757,122.98253262804407
1840,37,1,101.3259961275563,159.17968229764344
1841,34,0,101.74380585076932,85.48085892911308
1842,11,1,117.65674557246189,45.54099479325002
1843,31,0,111.91559558087863,77.49585210308292
1844,17,1,136.85923990723768,138.6988143598806
1845,24,1,85.73921233763686,101.86696284766846
1846,19,1,104.70416740889972,60.42467991551641
1847,38,0,102.1542357654416,130.78107655968617
1848,22,0,91.61295912541603,81.57793584209684
1849,38,1,99.65743068456929,160.01684631349434
1850,15,0,130.15088844732776,114.15108123643954
1851,17,0,147.6522478018918,209.36317732305608
1852,27,1,103.579297331017,157.4303003093054
1853,18,0,103.16214255924142,89.4301335035172
1854,39,1,,183.44369575055205
1855,36,0,136.8417635702686,112.27187729639076
1856,36,1,121.45500600255734,146.35526033790046
1857,18,0,152.68464522453988,196.8834231845397
1858,35,0,159.60115957193963,148.7772445957956
1859,34,1,138.02161637095122,188.95673802190532
1860,15,0,86.49693675729965,118.20042255664688
1861,9,1,92.86624882115328,133.10643759498504
1862,2,1,92.18166465732354,92.352058701886
1863,10,0,89.80241313872034,34.377797877668584
1864,3,0,133.67139478333186,84.01217623402287
1865,15,1,84.70734106492935,69.70166906687872
1866,16,1,119.2598876355519,186.43639829564393
1867,12,0,91.72588920339854,93.17495986570859
1868,34,0,78.07181954480045,97.88819589617108
1869,18,0,140.7116884750136,110.93935944998461
1870,8,0,61.45955835093128,38.6150930943133
1871,8,0,144.72296499268597,92.48657700792485
1872,7,0,62.41285415498613,105.45666699773392
1873,6,1,119.14070511476734,181.7315214886989
1874,14,1,112.16502782637718,198.13187300601174
1875,15,1,112.04536327194275,156.67819123504202
1876,31,0,101.43813898095668,155.20535426050873
1877,7,1,83.94295625315505,105.0028733560817
1878,39,1,96.24543801947418,158.04290718799834
1879,13,0,144.89494903424756,165.33603945452344
1880,24,0,133.0127322614587,58.33226960282273
1881,15,1,171.3794695373553,147.67983912727357
1882,13,0,138.6407938515066,119.17876509620372
1883,37,0,123.0488783442459,178.1420982138888
1884,14,1,111.35328984352967,125.82671288492696
1885,16,1,100.46696389303165,58.98249140345626
1886,10,1,146.1410600270753,138.95918859791132
1887,23,0,95.10095295558024,183.60627598513312
1888,14,1,96.47734502813377,61.536976387569624
1889,36,0,85.89544112902054,96.34370668184567
1890,27,0,121.12314536802981,132.0195080796385
1891,17,1,201.2464445289947,175.7910417645281
1892,8,1,95.260501129615,132.0926905300255
1893,11,0,53.62081411394515,57.54205203582271
1894,5,0,82.4680262684019,77.4064770794008
1895,22,0,129.70876554343013,109.95527685440942
1896,34,0,92.5803125727996,104.50757272437477
1897,32,1,88.84695421004216,73.39750556482028
1898,33,1,124.2459019327587,52.90208128560549
1899,11,0,100.61491574502988,143.74420301113759
1900,1,0,76.8658700362393,138.51528439305525
1901,29,0,116.20991575530137,139.22736718208355
1902,22,0,72.94408485364718,105.2087940873972
1903,19,0,99.24932018367497,133.05543663530779
1904,23,1,,132.14609696291922
1905,21,1,35.36871058767602,95.52480635474443
1906,13,1,,80.71450588023771
1907,25,1,46.77406525985147,55.817204372386
1908,15,1,109.43451683763959,90.12970982282275
1909,18,0,38.9712211420344,73.24609130846444
1910,4,0,93.51982056780933,109.38278664382022
1911,7,1,79.83491747919881,135.42006338429684
1912,2,0,83.09036921074338,47.038702164102254
1913,9,0,76.33814995895582,103.62284513076501
1914,4,0,147.01244912240733,183.88168380103903
1915,1,0,131.39600977145128,107.47536286291508
1916,39,1,55.41106486567153,80.50917616438116
1917,35,0,48.923826742316095,58.23981727175398
1918,28,1,96.85896873662769,129.85553495364454
1919,26,1,59.35957489158136,62.728565119100175
1920,10,0,160.174780829052,193.21281856879412
1921,37,1,144.01581032531652,151.91214446753034
1922,7,1,120.17311474966806,115.68051868596122
1923,12,0,49.36351209369001,80.10756653535915
1924,11,1,80.33166635606074,143.5042843090842
1925,22,0,131.2035352683134,112.84275362638036
1926,6,0,73.35790786804495,51.82759931576505
1927,22,0,123.35017192205,103.87412766089871
1928,8,0,102.9953328220203,69.72165908252794
1929,5,1,129.82211541168832,158.69883688298026
1930,31,1,99.85149953038635,135.07497492266504
1931,22,0,99.52126345542582,171.0545136218902
1932,37,0,62.06876428404476,79.64885332727887
1933,24,0,97.30390367840532,120.46900913551221
1934,35,1,75.16306903155107,49.88346520988923
1935,17,1,122.70908715507971,64.63605394405667
1936,22,1,58.43413659720554,67.47013935338211
1937,13,0,127.0535329376751,-35.427854588961594
1938,16,0,131.5082294363328,124.51009232904241
1939,9,0,120.61767654802799,0.9946587425208548
1940,27,1,55.52577123452043,144.68893147314134
1941,3,1,62.89829791568886,53.78552575464226
1942,31,1,106.47047970591997,108.32244650717249
1943,23,0,103.82907894408233,90.88904121093941
1944,13,1,89.14317131120679,153.021330662931
1945,7,1,94.22034104438586,94.69894320025325
1946,13,0,68.44587569094872,88.71055956272036
1947,3,0,69.9612826780824,76.99901666822862
1948,10,0,68.13387988605383,87.60482130762173
1949,39,0,83.111964346488,87.40263451399824
1950,20,0,96.35793288050677,40.912179549256514
1951,35,0,89.8321327358579,73.81896876381279
1952,15,1,72.31698887418001,68.12256369288329
1953,14,1,131.80304563546756,158.63414098954365
1954,12,0,106.04399482726566,29.068913161424618
1955,18,0,70.064002519165,145.3582360379733
1956,15,1,180.4900772089919,79.24073660680848
1957,8,0,23.332798488148583,65.4430735325422
1958,0,0,118.65302433930387,126.17561526794671
1959,39,1,110.11198926654046,133.0817229514633
1960,11,1,82.69292434024456,67.71488975273701
1961,12,1,68.97528959697937,106.24831913131965
1962,9,0,97.51841066850257,32.07103375161133
1963,33,0,131.86991696204882,94.93315706664113
1964,23,0,127.03534258381056,90.90346621369524
1965,29,1,114.69342167288451,69.17215483301443
1966,5,1,106.3864197174585,159.84787279946238
1967,0,1,101.5279108673135,35.61501016450745
1968,17,1,128.15645875502565,182.4388081230038
1969,1,1,104.04297385517955,99.87484632471335
1970,38,1,107.35047514295346,58.53876298056268
1971,17,0,141.33272096871661,140.50509887184606
1972,34,0,84.53518468652248,98.13601016671585
1973,1,0,110.3607878250553,60.70975970756395
1974,14,0,98.32022918718017,91.3840384366448
1975,36,1,75.1656015145196,161.66814238305642
1976,9,0,143.6476616214441,111.62908327826749
1977,38,0,71.78802258879142,79.79787736177306
1978,35,0,89.3641921380585,190.45748889855082
1979,24,1,75.07118650496813,103.90401121541291
1980,26,0,113.62049516407991,113.53522883300445
1981,12,1,117.91183575113564,123.47115089830407
1982,35,1,149.58736378037585,112.90291688247342
1983,8,0,149.89091743467083,61.05794673630484
1984,15,1,149.19995061163556,158.74574155046565
1985,5,0,116.54557777785024,136.69986624351142
1986,31,0,131.244300061028,99.51305055303143
1987,22,1,93.36005363875195,77.89722718162317
1988,32,1,71.27503384297611,81.53404593909407
1989,6,1,137.49936382446535,154.50007066523773
1990,0,1,77.16786017079778,139.93702782700183
1991,8,0,121.21128224714548,60.21049641601774
1992,18,0,146.07550183030673,103.93573957714374
1993,28,0,100.84442980677088,110.9573569147972
1994,20,1,143.72738736849698,162.36407037748617
1995,34,1,104.13416342279848,117.77062479365901
1996,33,1,99.89210582262291,98.04029248642124
1997,25,0,122.28694052672348,155.10171168908968
1998,13,0,157.28016417295112,158.50592213159732
1999,38,0,65.53605150864749,47.19720051105502
278,22,0,102.53623788482665,188.23938742243584
492,26,0,51.707757263833344,77.93343945161294
1266,3,0,94.87881519789988,120.10686940614522
557,10,1,92.99203530527508,136.53159860793323
871,30,1,114.13343074789375,169.62626320307092
1622,32,1,119.56001244507749,141.8087559825286
891,4,0,105.96462181962619,103.82766287653492
1749,16,0,83.68735389362958,54.56385625386143
1867,12,0,91.72588920339854,93.17495986570859
1798,23,0,128.98456206238387,60.50917090492912
