sqft,bedrooms,age,neighborhood,price
1875.438132656036,5,30,D,291045.32353164366
1720.7370820252188,3,71,C,298243.6976690091
2184.2535902659693,1,15,C,399997.8550847908
1862.9400702918238,2,3,A,276631.2197401506
1478.5983761033335,1,23,A,225519.91663976893
2016.9570329456908,2,36,A,292396.9338575327
2582.4000270780825,4,45,A,424243.0475574807
2368.2485778775454,1,15,A,326605.96122905036
1377.7588585158044,3,11,C,252827.3718655747
1040.7471173723684,2,24,C,250103.4443412159
1426.0353224775886,5,44,C,272671.62430420966
1824.795587608346,1,14,B,275530.0170020504
404.9815352166993,2,53,B,126112.2591494134
1668.7250016404726,3,62,B,267040.4617499728
1052.4534316481609,2,27,A,152886.34076887218
1360.6395871779291,2,22,A,222041.38559401137
1473.444610285614,1,35,C,245876.04906096408
1610.2199061785072,1,77,B,251384.26486757107
2046.9783218244797,4,34,B,308065.0504216226
2425.5080216656065,2,41,B,355518.3787397176
1722.8792022335795,1,9,A,306718.83892643946
2619.8780823298116,3,45,C,403287.8275582059
1400.883195908032,3,15,B,258074.88924925326
2010.906042055812,2,63,B,334806.52099699096
2342.082108991085,2,25,A,367153.8649156217
1856.4073786565248,5,54,A,312878.2299093837
1353.900450387715,5,36,C,290605.2221205036
1246.9647742449483,1,68,B,236485.61362325988
1525.3645045995966,1,61,C,262635.73175300384
1932.1170740820296,4,10,C,412336.42207085516
1194.2290898767585,5,20,A,232571.6057614248
1674.494655076972,5,39,B,260101.33701624762
1704.4649940513134,5,57,D,324046.253473122
2124.5073508114847,5,43,A,320577.7292864337
1928.7954735038045,4,52,B,328944.9637016746
2013.2236254239529,3,8,B,356277.1543218084
1407.7028343489965,1,51,A,237518.89417214683
1722.2318197843383,3,58,A,244783.5677083948
2270.385282036798,2,38,A,313815.4707290464
2696.0586871324563,1,36,D,357877.936348365
1044.560680737528,2,40,A,253932.01763648074
2708.3542648434377,3,49,A,396068.1728556551
2607.5252542693825,2,63,D,343979.3713401928
2268.7868404202563,4,69,A,339700.857963524
1958.6733781975822,2,12,A,321381.9716590792
1611.6463112781432,2,56,C,337264.6970402718
2674.812410122175,5,61,C,439671.6525853254
2976.1549898699786,1,61,A,381463.4461445717
2880.980921919675,2,29,B,408181.9517899997
2589.0622588406222,3,23,A,363203.2423187898
2014.4282463953737,5,7,C,401899.5383603102
1075.008820630697,1,35,A,188944.92847763837
1797.32752012795,2,16,B,314705.296673008
2193.8849610458014,3,73,A,359163.3699518179
1026.9831217502674,1,57,A,158557.86350125258
2037.073236109205,3,31,C,386620.0253323378
2057.918216893338,2,25,A,317048.79647213855
2217.6256343777213,5,37,B,353719.6612187915
1089.5292199456867,3,34,A,182403.66231585993
1402.9784567765792,1,10,A,215468.8683833835
1538.1388517140672,3,36,B,270183.3895879625
1098.1188553362815,4,53,B,241610.22404076543
2843.6207262780804,5,28,C,498565.1907507046
1502.4535629347088,1,18,C,290866.12800841365
1997.3817776761211,1,37,B,333029.19068659603
1644.8564727156456,3,13,A,274192.40723417705
2750.0837272812732,1,18,A,391373.8793780107
2592.2165922491035,4,69,A,369292.27696735796
2180.011573694949,5,64,A,382464.452669412
,3,14,C,217995.28152816585
1831.2173845559319,4,17,A,284363.71587533416
2210.2117144659205,2,47,B,358899.1880663115
2402.3769455053016,5,61,B,385991.73978535796
1429.2557731754396,5,21,B,269540.3999063864
2893.206817996994,3,72,D,403088.91953967646
1007.7414179920239,5,38,B,224042.6373423207
1403.0831869108686,1,5,A,228866.1168244839
2361.0299928684135,2,73,A,321765.2591446627
1829.432768295187,2,79,B,279492.9638618081
3001.4355501871532,1,61,A,366075.65028203814
1913.1115155074795,4,65,B,295509.0790291994
1420.083545884664,2,61,B,236065.01702769552
1573.461896860315,1,24,C,311600.9534346335
1145.3123294284828,1,7,B,253439.81937082982
1033.3919001680351,5,55,D,191499.30779443457
2178.246894460939,4,8,B,331335.4760257625
2148.6994874476836,3,47,C,349493.69370951643
2576.7352916646705,4,61,B,403623.2651877326
1347.2365252440413,4,25,B,243820.87751971133
2813.464471466204,3,38,C,422711.28226276557
1627.5673753148003,4,37,C,308519.9931805899
2744.644967306752,1,67,B,386892.49391127337
1540.328491690442,4,27,C,319005.2136950939
1358.710024594635,5,30,B,240917.28903971857
1949.8712229352002,3,46,C,340649.58032309794
2418.8718509216833,1,50,A,349133.636188893
1896.6057460292068,5,27,C,376746.9570205685
1448.682705525998,3,21,A,269933.8543453322
995.2681715539985,1,36,B,199798.71818302717
959.0878710495432,3,32,C,232295.54908945606
2101.6097099249196,1,9,A,361041.20308422856
2393.827819971483,2,39,A,340362.2445370966
1701.4232444248255,3,40,A,307334.496391878
1155.3810850629393,5,13,A,211738.84325700297
2323.825291573024,5,33,A,387934.1779676202
1031.763633171256,2,30,D,129534.04942894314
1372.1591429644368,2,1,D,234167.82644049375
2172.6107121240593,3,28,B,330068.8895723472
449.91529585524495,4,1,B,147792.06973759772
2031.8217585397836,1,19,C,339636.16790912463
1451.015498154298,2,20,B,238956.88029127658
1865.5678184866883,1,60,A,194856.39997378358
1754.5790842675062,4,24,A,334349.5885542686
1921.268637026376,5,48,A,296541.9644335665
2216.503162024205,3,53,C,339529.4742099959
1344.9781494609545,1,34,C,289477.7451879323
2652.58921338715,3,65,C,464462.7440295643
2235.656273368659,1,45,C,361119.21568383474
2306.2395973819607,4,32,A,343929.02388126345
2498.918388666617,4,35,B,360673.504159487
2272.5529330235217,2,7,B,366504.0867866887
2306.447208347155,2,26,A,309760.3312020691
1845.356166445731,1,23,D,305517.1736861401
943.9356894061606,4,17,A,186132.30241000577
1718.9729399777916,2,11,A,282312.43428578204
1338.2912158939766,1,55,C,230219.5229266308
946.3549388907519,5,79,A,165123.7638238727
1955.0716745477926,1,1,A,301925.36217630474
1458.8703275114144,3,2,B,241503.67746782704
1182.1173371931218,2,8,B,246635.66662208104
1174.1993519570606,3,65,A,175290.82806203657
1961.0502478253488,5,45,A,319526.79679778375
2015.2031695022067,4,5,D,284398.55936392356
2593.4744818601,1,23,B,404981.5445089371
1791.6511988855439,3,0,D,237821.55671688024
2425.103855527693,1,22,D,325637.6170765652
2641.3588960635134,1,49,A,357394.0956423684
2490.0993816898153,3,61,A,306864.50249029975
380.81765623381534,2,79,D,53148.50579488947
2537.2102315220527,3,79,B,377878.91554440255
2003.7720049491857,3,65,A,267577.00383637525
2054.2628117120084,3,42,A,300777.89317480853
2022.7364506417553,1,9,B,1500127.9915084396
,2,0,B,331069.91563580045
1991.6485321514285,1,45,A,259635.32889962773
1584.6520148768277,4,48,A,228270.17947921398
659.0188209744033,5,36,A,138269.9893140251
1734.651163255546,5,60,C,320005.02293840837
1317.760890887594,4,73,B,224236.40363006984
2448.098047522731,3,14,C,421295.32845174224
1626.7400964027736,2,19,C,327677.6266932067
,5,19,A,317345.1573735367
1290.236426633914,2,66,B,214966.43762782335
1493.626519261124,4,16,A,286863.20105536684
1793.080162988048,2,42,A,244729.79533741475
908.7748894418729,1,62,C,187673.69895323433
1980.4110685767635,1,45,A,207371.3654946592
1736.3566479313495,5,74,C,325553.2329316303
1088.5681169968598,5,67,A,187560.297200662
361.06028076133725,2,64,C,168442.1091699301
2107.831280328183,5,69,B,330238.8623450879
1621.449576634002,4,30,C,302244.6938623866
1481.994952069105,2,44,C,337999.13720105996
1658.3072220882348,1,62,B,268847.8988996669
2889.8855645286867,5,51,A,401767.8651155023
1770.1194185642141,3,43,B,254116.85496467736
1851.9715577931254,3,13,A,258754.5232316818
907.7562781947612,2,32,B,213331.931569458
2788.40343981366,5,31,B,435600.168047898
2350.4927900665766,4,36,A,366149.7920201498
2440.1609202031073,3,47,A,360909.9611573935
1828.6036387270078,2,10,B,285659.10248712095
2349.9928732947574,3,78,A,317856.83514992014
,5,77,A,329066.9559265741
2167.9134467154036,1,31,A,301776.55382178735
1708.684224955026,1,65,A,234550.7797851702
915.6672311748246,1,72,A,139146.27774512058
2417.3126086819098,3,16,C,410918.51963172224
639.0242180341759,3,20,C,228066.89401442197
1656.0379972451783,1,51,A,250611.23264276067
1677.2865069602035,4,2,C,355300.0402835231
1174.2839154092972,2,8,A,178121.75727397212
2167.873881801948,5,37,C,364509.3719800176
1679.802179154259,5,7,A,320638.07222441165
1537.8790046416311,4,57,B,280820.9805369898
2111.905038586585,3,11,D,316671.8267523551
1514.0525756649517,1,47,D,205601.3920624717
2633.387984902985,1,45,A,399727.545269828
2010.8730457123884,5,76,B,337708.02956931706
1515.4002078993365,4,25,B,266610.6359911205
633.4410144086735,5,78,A,132725.26340273797
1015.3480818593115,3,66,C,219069.87175248528
2452.098470861018,3,73,B,388521.4557263211
1769.6375621331945,1,48,B,292002.3752908399
1630.1249605922792,3,22,A,276915.9637172266
2785.9509685456183,3,68,A,435629.6584998035
1030.410453555661,1,7,C,241202.2898815353
1448.6053200951844,3,77,D,212013.38592689348
1516.4473939449094,4,17,A,276449.37124290667
2151.8023689187803,3,9,D,329738.33395403443
1401.8788810175718,1,15,A,180329.46192952435
1431.949290831583,3,25,A,212920.7542783064
836.9103618689319,5,22,C,253160.1019277807
2237.609642410714,4,32,A,362780.66803901
2283.6836151090133,4,67,D,314859.307013409
1514.1739515593029,4,29,A,244094.5522061754
1898.0039673247793,1,57,B,255988.0420034773
1024.412326344395,5,19,C,261023.12830959103
1516.9121071554587,5,37,C,319222.0920868519
2626.7705716335126,3,56,D,374223.7674826621
1881.4384404402806,1,13,A,270116.4534427013
3186.2180920775327,3,14,B,457988.95557566313
1327.6843547057053,2,27,A,242013.60405789065
2148.1706500345845,4,56,A,320188.2366837528
1682.6965033001386,5,64,C,325588.06657250295
2139.490708096856,5,31,B,316816.65573250724
1795.6731842047461,4,77,C,312507.22526075726
1463.2811337545045,1,42,C,303870.6269913425
1279.4299414069783,5,47,A,262882.6397595982
3639.622043429338,1,52,C,522874.5348627874
1753.5929641654704,3,61,C,327979.32547931455
590.0035858600529,5,51,A,147238.21080003487
1410.8396352579994,5,25,B,323824.2762452221
2206.823836274398,3,19,A,269287.1118004554
1499.994940089151,5,68,A,247709.8502796408
2616.2677214911546,1,37,C,329047.31084883003
2401.4389637063746,2,26,C,415083.7344404739
1708.5968185054585,4,26,A,318543.0233721784
1516.670434334374,2,50,B,250316.89993093212
1197.119395783382,1,78,C,232083.0421817668
1380.0200746120051,3,56,D,220614.5346174579
916.114155200625,1,50,A,182940.48667145742
2522.6377749198505,3,65,D,288928.2967024644
2754.420472275637,3,26,B,408090.8845658711
1046.3171581633603,4,62,A,196850.90307326918
1090.990214588122,4,19,A,197636.02757227345
738.8928857478497,4,36,A,143371.99886443134
1221.6874615606957,5,1,B,233824.11684651038
300.0,3,60,D,69771.29563806746
1114.6326260208482,5,6,C,277902.27480727347
2578.1492398803143,1,15,D,376949.5935843553
1592.596482321321,2,64,D,225432.4596966224
2312.750540912045,2,20,C,364831.0187961121
1506.618561694773,5,19,C,318321.89740127535
2856.4003781958736,1,9,B,444613.0561371762
1919.5307898083142,1,51,B,279511.88210253674
1570.7986247139117,3,49,D,230671.17378824975
3331.4544152226485,4,76,B,498337.63414092606
1605.3168862287366,1,34,A,225044.88338900325
1067.2659901643183,2,9,B,207642.74600874455
1921.146001176066,1,37,C,328084.1595142792
1776.6989768651522,4,74,A,285749.7166767834
2439.794731899754,2,26,A,302205.8929583927
1247.0196453013132,3,15,C,275258.9343254067
2282.8301588876984,4,61,A,327223.25585844554
2311.6490823445747,1,70,A,312195.38592844474
1399.3876248389577,3,9,B,284194.5954611454
1897.9464034336065,1,58,B,302070.93204172136
1301.5488258873975,3,72,C,314735.8609472333
3207.4848443044007,2,65,C,494193.43337076245
1377.5162626318997,3,61,A,172148.65456870163
1528.1553337987716,1,28,B,237782.92762027276
1160.497186821975,1,40,B,214738.1402836017
1592.327234896096,4,23,D,253626.08413571116
1796.4743839818575,5,79,C,363357.27379326476
2260.673481206812,3,47,C,334994.849445284
,1,39,A,229039.87009607558
1688.5356247970485,4,49,B,293155.3008516986
950.1063801515747,5,72,A,187780.33631990303
1303.5586639403068,4,68,C,263253.6959055244
3453.4845349655707,1,13,B,482031.08724510367
2424.7459150168775,1,9,B,330393.0293418874
1331.145574993611,3,55,D,247358.04191121075
997.5616550830252,3,32,C,209837.95023363802
1214.6503016402053,1,28,A,220298.3270182981
1786.985484291759,4,18,A,285704.2506883844
1820.8366730155142,1,65,A,252863.27336292763
1353.3836394414864,5,28,B,310808.5482670594
1028.0553199574135,1,47,A,162382.71438730985
2653.427103149068,5,21,C,480783.6750792754
2071.0112707770577,5,49,B,340933.8906542429
1575.2591882592387,2,9,C,317002.04532006657
1667.603275310348,1,44,A,235099.78941633037
1482.2817245245985,3,24,A,219206.9430760792
300.0,5,33,A,98149.60499931125
1869.3970962555754,5,79,A,310708.29546438763
,1,64,A,189226.81073735253
1198.3894205803083,1,55,A,193972.71427300308
1415.8425567657757,5,48,B,260560.21125429095
2239.381028826778,5,47,B,370295.2512493078
1097.6815149553902,2,24,D,197892.80656671745
939.4311241955268,3,64,D,157265.3962675245
2183.911245103427,2,27,A,325191.3083013874
2252.6213427837306,5,51,A,310069.3354417278
1224.639775323467,3,53,B,209605.31399102742
2137.4386063757756,1,37,A,286318.9825102362
1625.0205417511488,2,33,A,229171.67838412503
1980.775305932136,5,41,D,306653.38895504334
,2,1,D,221182.63028217477
2299.7366696165013,4,3,A,390773.29714500037
2521.955372469899,3,12,B,406626.8241810408
2182.24394137571,4,59,D,286686.2626001919
2135.003977017086,5,45,A,347843.55894425936
300.0,1,28,B,146564.98182130884
,5,6,B,315880.70341612946
1784.732809984474,3,66,A,248515.1281497041
1711.7726958922,1,9,C,245200.03530476458
1421.6532060173881,3,33,C,246166.36524793706
1833.2189849481324,3,63,C,373721.2774223486
2047.2704430770002,3,54,B,372254.9734175088
1641.7271036756251,2,44,A,269949.44642668945
1522.0055161740775,5,34,A,272740.9351799091
2537.8522865635628,1,26,B,361055.3207293941
1136.779735638525,3,12,B,248077.6316245698
2418.093118694326,1,3,B,362752.3608572824
1906.0874782383148,1,41,B,344306.8917871946
,2,39,C,287174.8019596689
1626.0108623584117,5,77,B,308275.98661364516
1248.0038383126819,4,34,D,211036.3946897525
2205.0387110456636,2,19,C,359509.5485942478
2008.741057182283,5,35,A,350887.36247869785
1465.9222949080913,1,15,A,219666.61879583777
1138.6690205674663,3,13,B,193873.99938167003
1981.0296561006423,4,67,C,380865.5783916927
2374.431364105159,1,49,A,349138.10814444587
1731.698190370871,5,30,D,274092.4694269278
2051.0115005335338,2,5,B,342992.1247084881
1574.3837096701543,2,40,A,307546.465530552
1840.5415236056563,3,28,C,277898.468322401
1625.230253163787,3,44,A,254068.1056995734
1976.425285784988,3,48,D,293035.14532001154
894.1364921785639,5,46,D,161693.98696974252
2186.5143139138136,1,7,C,347796.5019992153
1662.0405110380111,3,64,B,312542.7032182938
2015.1648405896312,4,3,C,430845.9203678381
1595.8139235202746,2,32,B,293072.6183387861
1992.216713624462,2,12,A,334560.3383682561
1156.462317522647,3,40,C,233627.9922480469
2513.492647493077,3,46,B,375520.881192195
777.8732474176213,4,6,A,183014.62399638662
1176.4567111324882,3,79,A,212939.555587111
1941.3996417237806,4,70,B,307668.2469813294
2677.7053711107465,1,18,A,408175.2285435163
1966.8757810848185,1,53,A,287815.35725170537
1651.2549268325483,1,5,A,277632.516118898
944.9459140540414,5,26,A,235879.1590021364
1685.2340013419207,5,18,B,322769.8017313413
1788.0737933747437,3,14,C,312552.73409033916
2814.341187203638,5,79,A,373599.5330357794
2173.2751329634693,4,42,C,365276.65013816726
882.5442750429321,2,37,D,143757.5276743605
3016.067457145916,3,13,D,415877.505438436
1562.994074700724,1,46,B,241171.73366013737
1272.3241711774099,1,29,B,229363.95211366084
2684.893591252146,1,20,A,376871.25164928637
1770.1465438218193,5,43,D,288699.0860274014
1579.5584403731407,1,3,C,285722.19408045756
1931.2715933611387,4,39,A,330527.1772519833
2306.93326822543,5,22,C,353165.41824370634
2396.00172266979,4,44,A,364948.6518914822
974.8785599683557,3,13,D,174270.95647759127
2999.088882163038,2,79,A,417209.2492283704
2368.1169527973752,3,11,A,399576.6218039876
1572.4793627921092,1,17,C,314706.15652197355
1308.8040890871505,1,61,A,202267.0306349668
1218.592541545076,1,35,A,183418.30763996122
1874.0270625457094,5,57,A,314668.7602857564
1411.1902234862239,3,4,A,236746.61315657067
1341.0756208280877,4,7,A,230130.1339710255
2286.7526429649815,2,64,B,370497.08732414234
2018.740406295794,1,47,B,313199.94392794
1563.2572449457732,3,46,D,243241.90148755704
2240.548557711224,3,71,C,372228.0004894319
2620.4271757834026,4,74,B,373475.5101822342
1143.3022124222125,4,73,B,166406.24432721233
1438.0248695146515,4,52,C,301586.138192739
2365.573104131926,3,55,A,358504.340054138
2231.3643394890323,2,38,B,348085.5048840849
1936.0193138627953,1,24,C,306339.5302016713
2497.452712535074,1,42,B,353413.60988834436
1147.0729625285417,5,42,A,213602.0506631657
912.5172997373376,2,36,D,113700.91846086827
1280.095585633861,2,45,A,202476.77191545273
1873.526457321624,1,26,A,280068.1835151659
1322.3479349429376,1,33,A,206486.98035278087
1507.669106145185,3,48,B,230994.76503939956
1214.9999285398192,1,68,B,195197.620167058
1427.7425132430583,3,33,A,218007.1058932345
1197.1276686042033,1,20,A,164130.89205397866
2020.4797234473679,2,65,A,255206.58033321972
2276.9346407899316,5,4,B,380049.26478150627
1511.7324362890731,2,69,C,257970.71456993555
1675.640522717593,4,37,C,372751.5881197283
1451.380456492851,3,27,A,242986.46065873647
2118.7507293817134,2,1,A,327050.6272484116
1853.4336232435319,3,55,A,278802.57856691483
2756.4941402029285,4,69,C,425727.0942652422
1142.7167780174798,2,34,C,263009.6138386872
2017.5014995146287,2,39,C,359523.1684459809
2066.3948397880013,4,19,B,359410.643149638
1583.7358974054612,5,17,B,305444.9288460248
2150.1204764296463,3,79,D,248511.25397524494
936.886410605737,4,78,A,185314.96301890168
3071.281818437593,1,19,C,465236.0073306758
994.7733280281351,5,66,B,210217.24326052904
2351.884356338993,3,52,B,385046.1270906481
1127.3263926364662,1,68,B,185778.17379901395
2490.5298187390517,2,60,B,335337.1032497116
1569.1355840345987,4,4,A,280716.9845252488
1895.0537442973268,3,55,B,356634.10470746533
1832.0062534240408,4,75,B,267450.8502414851
2460.440457014877,5,7,B,411534.0857953555
1607.0715299142441,1,27,C,283642.3781792575
300.0,4,22,C,192323.705744475
1343.9647259613398,2,58,A,209993.0009229433
1910.227393853369,1,54,B,258581.72403808477
1535.719077077843,5,19,A,217801.24317827896
2261.892510792479,3,20,B,395601.15875589126
2409.196197584681,3,36,B,371774.918323895
1711.3369140601142,3,77,B,257572.85536320193
906.2127633704929,1,64,D,127972.67791169521
2630.4990660035382,3,35,B,399117.5946904623
,5,35,D,338326.4409104504
1620.4853194397858,2,44,A,241672.78775100346
3064.973046835651,1,22,C,487299.77567401977
1590.6747239444014,4,40,B,249507.37734017713
1117.7281677489748,4,26,A,235351.91513464376
,1,34,A,236759.35498055725
2446.700229303462,5,77,B,386696.1257262832
1237.5279344744904,1,37,C,282461.54557451
2970.7350466460693,1,18,B,403623.3441243679
1262.084271256766,4,73,A,210751.4144586757
2372.6533658287444,2,56,B,364998.2746200377
2126.6774245219062,2,1,D,329048.0767757366
1707.5657642503058,1,10,B,259601.36605251548
2448.319787230654,2,77,C,422910.09512658743
900.1207266790832,5,21,A,143234.570790062
2614.543072159913,5,9,A,406901.04666448775
1761.789582617855,3,76,B,255724.09924149743
1474.538850081892,1,34,A,220618.34961037483
2249.504428824049,4,48,C,407307.32940186874
2435.9394081595465,5,55,B,379276.41366724466
2261.8772583741697,4,47,B,384767.7649182743
2999.702292626992,3,64,B,439680.36626507435
2448.435645630059,4,23,C,435027.272481468
2570.1039794522435,1,52,B,383821.8151496551
1476.0816376940911,5,23,A,207174.75842948852
1863.9142662372178,5,39,A,342658.67597984767
2137.7895493953138,2,13,B,300493.00876433187
1789.3546579780239,4,71,A,280941.96087892423
1980.9811399039415,4,51,B,332587.07265810214
2055.6628596807413,2,34,C,310957.6278369801
2306.5463506089213,5,10,B,377535.0638931964
1739.0346655379856,4,19,A,270691.93463494343
1590.1204707648712,4,35,C,290503.60334593564
1303.0106098700696,2,62,B,231427.68108152505
1264.9606043146373,1,39,B,223850.45290826017
2503.470736407794,3,45,A,362962.6898710545
1749.2871071985285,2,23,D,259252.7466524076
2272.166628654326,2,10,A,301715.7640191702
1021.5816921943489,5,23,A,216050.21695433318
637.0991352964902,1,26,B,117022.47822630478
1170.545261400022,2,8,C,243504.89078581452
2487.9761805057033,5,7,A,372637.95464737935
2440.8464638994756,4,1,D,324850.00145441614
1999.223164711251,4,43,D,308360.0185771227
1318.6979099040243,3,33,C,311895.4400953549
1721.5184150604873,2,11,B,281202.4179869504
1621.3437121206407,5,60,B,303925.8006960885
1593.01599234281,3,57,D,213551.8704829404
300.0,1,72,B,106236.18907211901
1285.244168422682,1,44,C,290330.5234505425
1685.934674590659,2,71,C,315933.0258678201
2709.8566738872564,5,77,A,365512.86666097725
1896.4458354790468,2,34,A,285963.2397421199
2640.5329717576847,2,0,B,393853.6382669661
1563.7758547443323,1,32,C,279208.9714919829
1648.3868512513152,2,57,C,344304.73811474576
300.0,3,26,B,108279.63107461248
2077.9982035242115,5,16,A,315228.7912687019
2128.2573968036004,5,18,B,377009.3830529536
2858.255441735624,1,2,A,379027.8370532421
1507.9432735243026,4,53,B,239768.46488325368
1856.492493718228,4,50,B,258036.58737324388
1376.68322716735,1,56,C,223511.79613840985
,1,43,C,210305.0823272577
1372.135219957825,3,22,A,215194.5625121698
1593.0008855485275,3,24,B,289331.58651604067
2613.262817201888,1,68,B,375639.6886126236
1801.326961544027,4,40,A,323337.5047084221
1325.6731141992746,1,49,C,265569.84604673274
1885.1266969450398,3,4,A,291592.7008608485
1930.5428133360206,2,5,A,298879.3360130589
1394.2607664150235,5,34,B,322642.0751597008
2485.9401759777566,2,77,A,346391.41838394845
666.99066541401,3,46,B,180762.0770857933
1671.873223150208,1,78,D,255761.40893488927
2199.0396393775472,3,69,C,354354.57914916857
996.9404883138872,4,63,C,253140.15938493004
2016.7522491860261,2,67,D,284881.3576771434
2575.735830116283,5,79,C,417537.9960677321
2072.202758554181,4,63,B,368914.1145200071
785.9040342138442,4,28,A,146609.70568937942
1363.0829835388508,4,73,A,217090.23861138296
,5,10,B,403863.0556140117
1979.0011470391764,3,33,C,318506.1615199664
1794.0846369060148,2,71,D,272341.24269399873
2064.720356829294,5,35,C,371874.2779658375
2232.6293700035258,3,8,A,308596.64941640815
1374.9208580412042,4,0,A,231392.26660449497
1625.7599519562268,3,1,C,299490.45040897606
1885.7481898000917,4,36,B,352590.28839267243
1473.6253669276048,1,12,A,247141.4783345455
1719.9290648776473,2,40,A,290761.73687435605
2578.723056709196,4,44,A,383506.4605932451
1219.3080811847667,5,44,B,254547.43981146434
2955.9976254810845,3,79,D,367132.0506233685
2927.6066264291917,2,76,A,411680.78401932615
771.9363372214136,2,2,A,149040.09560659187
1715.3864009321865,3,6,A,290413.20310978405
2005.6149417874076,3,42,C,348757.640216478
1343.4773474961426,3,24,A,201320.07255130121
1355.3516977891627,1,1,C,308741.96398997284
1657.5505819592722,3,34,C,303105.273677273
2243.5068522669303,3,33,A,387285.4681651038
1493.1996966317433,2,66,D,214671.9547104528
2896.01628697207,5,2,C,489785.7357089107
1973.9844014031191,4,52,D,303679.9110783401
1738.4548295500058,1,66,D,249667.07040760803
2669.5558110788747,5,64,A,408672.11534668837
2175.7687170362115,5,11,D,334403.2248034998
2021.5720654125444,1,8,A,311953.14112841635
,5,15,B,279817.9636037422
2888.3913683356495,1,26,B,387339.7135827078
2287.0929538439923,4,7,A,399155.66814647435
1677.9531984331727,3,1,C,339983.0251765961
853.6805095903778,5,49,A,180296.38699425556
2023.7709250571531,5,73,D,259022.65093090065
1113.7559447390458,1,59,A,206836.2694817044
770.4324289450076,4,57,D,142922.58126715268
1632.5090967193414,2,17,A,224464.60120579216
1968.8826615543735,4,28,C,351825.3236737663
2569.4887402098984,2,54,A,378052.93515047146
1969.4710951711493,3,40,A,304867.18970908306
2283.6117163024505,4,44,A,372702.1301283539
1064.4703768661072,4,0,A,125446.83057598374
1786.4806935194656,3,11,A,313698.27831573016
1874.526791582703,1,62,A,251089.01371660526
2317.3477107719464,4,58,A,352279.2195081301
1869.6364040586104,4,73,D,261663.42642724112
2282.447374871924,3,33,D,337345.63341674476
1497.4804513337197,5,20,A,282301.87692832394
2014.772943727894,5,22,B,372895.18062632566
2048.9198407526537,2,56,A,300305.8606525365
1050.1345652480095,4,50,B,232106.9769898613
1905.3231771405856,3,40,B,323425.55509123596
1607.782483829156,5,37,C,305971.8836634145
657.5472308303792,2,53,C,178392.79837679566
2375.044008084839,2,4,A,379530.9467405517
1582.8847918174195,3,45,B,218836.14361628782
1288.5659651244835,4,47,C,310261.4667516981
1573.6099537837113,4,42,A,255106.94830109816
1882.9201818889928,2,1,A,316837.21490369854
2704.745690608284,1,47,D,349137.4901696309
1700.4400781962784,4,0,B,270248.50801212795
2083.444498175106,1,8,A,266770.5596573124
2624.147626138657,2,61,A,346495.3129977139
2120.1303187642757,3,7,B,311098.1411433766
2441.1384944512747,5,28,C,444786.63242236566
1514.0940846294266,1,25,D,179410.9929917559
2262.6295958843866,2,2,B,310688.2579305558
1765.2143999581845,2,7,A,297350.97202257696
2444.6467424935076,5,54,A,361233.5855417728
1197.8642568047158,3,30,D,168272.54204190455
1332.2653480543531,2,47,D,178944.53186914494
2561.2389436232293,3,6,B,394071.3717929788
1682.3496164583785,1,54,B,260861.30051181873
1584.6236119773182,4,13,A,257391.6854022454
1846.5434516101436,4,33,B,248526.80617577967
1386.3015255882833,2,56,C,242426.85380073774
2599.1648211183365,1,26,A,326362.44859745045
,5,1,A,209190.164895771
1709.641200983757,2,48,A,264700.01727328595
2008.1716714214174,5,47,A,314309.955965862
1737.3317585600628,3,12,B,291188.2776036041
1318.627472779271,3,27,A,218243.09400640707
1278.9664819484874,5,19,D,173469.86871014035
2055.2366554924943,1,60,D,290010.0561399219
1181.7117298999792,3,41,A,220615.57666091065
2187.7456234290244,3,64,C,383196.35274615226
885.5109818128249,1,15,A,164613.39117440517
1467.0101419699895,1,9,B,228056.39365625317
,4,29,C,332458.78659034526
1048.7088339332304,5,31,B,218908.13411198492
2191.206518115955,5,25,B,342926.8910751431
1788.8767120142984,1,28,A,301447.19951004535
1178.3557910462746,3,17,A,219802.1345834626
888.6670621497627,5,51,C,271697.77792572055
860.6463771764156,1,56,A,168649.86925034228
1830.6203670781972,3,25,C,342526.5438681611
1105.9019357600794,4,0,B,227389.08398572885
981.0722395605288,2,51,A,171165.54121752168
1661.2644387046737,5,41,A,264641.1540086292
3166.50031491182,1,66,B,414832.3824305538
1966.5242167400743,1,28,B,281136.6258197653
2257.7513001003604,3,26,B,364783.50925469963
1927.631007761183,2,40,C,303676.9445876317
2269.7892996651517,2,47,C,369805.5171740599
994.1468097210281,1,42,A,129058.12180415017
1541.6928178844491,1,65,A,254018.12802252526
1956.8105073660233,2,3,B,316786.3774710901
1789.2499103670164,1,78,A,243792.9112728198
1684.804067932745,2,51,B,279182.77780429664
1400.4743521542377,3,69,B,231109.47106524557
1644.970138377478,1,25,A,213942.4135133209
1335.481305665201,1,77,B,203410.13996260578
346.9001910841314,1,74,B,134117.83909838687
1083.294934976648,2,79,A,179778.62699855483
2085.3917633246638,3,17,C,397467.63025377615
2734.2467734029765,5,5,B,499295.4435011448
2888.1481027942123,4,33,A,425124.7590894073
1858.051046213225,4,47,B,306432.5882175808
2336.030174066481,3,23,A,379510.36542231665
2344.786746426434,4,0,B,385242.40901296824
1384.644489679155,5,29,A,221649.5160681207
781.2361017236375,5,7,A,148479.79084533965
1818.5323916128877,1,10,C,305741.1347249302
742.6794016556769,1,11,B,170328.13329964655
1608.0422322271038,2,48,C,286040.38224746165
2164.870252073621,5,78,A,316791.56696369965
947.9583071399985,4,9,A,163752.29152244714
1819.3772303589822,1,53,B,268326.0768777151
2544.0108691854393,4,43,A,376201.46119942184
2016.9074844125782,4,51,A,263037.8405212424
2113.3930204498074,3,71,A,285361.37711473845
2344.044248290047,2,3,B,420376.2249206402
2839.777843278708,4,52,A,434730.60746326315
1890.8538490339122,5,34,D,324035.0756126073
2537.700516859875,5,74,A,320960.41309103655
1761.4984701975457,5,63,A,279192.30123380484
1472.2987107399094,3,41,B,270378.3781421268
1988.892581770539,3,36,A,300518.30163455615
1436.5122912049974,1,73,C,280131.2478061332
1456.1224705400607,2,2,D,235040.2354928861
1435.355621734652,1,57,A,227581.41082661727
422.74548268009994,2,29,A,133846.93337165745
1863.299686596358,5,35,A,259767.16687155314
1041.6987848427193,5,2,A,223023.7075161456
1735.6385275990335,5,53,C,303123.0061067031
2669.981268290897,5,21,A,415070.400302787
1487.3998061356258,1,42,B,276718.78793586465
1474.7945049315138,5,69,A,244274.95595501192
2618.3456307010774,4,0,A,356359.46348778176
,4,56,B,306268.0764454703
2385.9162584115857,4,45,C,403650.4202733814
1586.825259607804,1,21,C,276375.27660195256
2248.8499277225565,5,54,A,383779.3156721288
1388.2988465059186,3,44,A,220091.87902049758
1394.3989646268606,4,47,A,281345.3062688295
2157.7465669230396,5,32,B,359049.22382086323
1440.9760972363654,2,73,C,239309.57729646022
2260.271125946372,1,56,C,418190.2880501464
3235.010721257579,5,71,A,449485.86140206066
788.3084778316286,2,35,B,207510.67415673795
1348.677374327253,5,67,B,288767.95289130835
2472.0877091056045,5,69,A,362247.8077284909
1712.9530983040659,2,0,B,308972.77908528957
2496.6539098755434,2,74,D,353088.7803903913
1193.9614361202555,4,19,A,254331.61957718918
1998.8065066847823,4,68,D,279921.94261671347
1709.6662093062932,1,74,B,234054.63696551273
1884.2224337240054,2,10,C,368302.3302985589
1998.6696114332178,2,38,A,309314.4057339891
1067.9961824064262,3,22,A,149065.75145098858
1155.5175087844234,2,28,A,223052.06493979524
2639.546404137254,1,72,A,318780.71674748196
1975.9282269485734,5,0,B,338299.0377991845
1863.8077997715764,5,75,B,296481.26676433434
1773.555166431868,3,35,B,289436.5085904354
2013.9254992236702,5,76,B,328155.38035673025
1106.4379563567322,2,33,C,215636.68917682633
1200.5836008627602,4,0,C,301848.37446678506
2582.7049483238598,4,12,C,452408.5436957062
1890.765133108298,5,27,B,344945.6227049502
2310.1805241924203,4,9,D,373500.2364953509
1436.601595847236,2,35,D,244561.00238077776
2626.035228215583,1,56,A,361568.99791952
2007.1670431917114,5,32,B,346272.26065890084
2088.7474915500516,1,45,A,281127.73540566454
2129.2376026294683,5,2,D,340268.25485184893
1321.7944563767219,2,72,A,195731.0260519668
680.5674819599637,4,19,C,164631.86652868806
1155.1183997489386,1,66,A,1129533.1176575846
2778.3137144318166,1,75,A,343290.22276711906
2580.4103821922918,1,12,B,421255.4929276239
1591.847179213218,5,72,B,325882.2404986272
1618.994203778313,2,16,B,294511.45826157177
2421.9635263415116,5,10,B,371798.2631754777
1698.9540763478483,2,78,A,248880.7441128099
1020.4440779215328,2,3,D,147260.37064087213
2559.3258555576967,4,77,B,367335.1320320759
2086.307146748359,3,56,B,305150.6687984345
300.0,3,77,A,83943.28269923963
1612.0859366820735,1,14,C,299873.70336228644
1886.2021219706037,2,56,A,273735.56072626705
2088.748096235273,2,23,B,337542.3766975022
1891.2907135869812,3,24,A,268357.12816615717
1418.5549216538252,2,79,B,260724.4215472537
1730.5445735820076,1,9,B,309403.35516634834
1976.8801907661602,2,70,C,316912.8290712569
1639.19754863159,2,71,C,302157.2645281295
1576.8595681762756,4,12,C,301529.3046637518
2551.25036319889,3,68,A,338924.04220570705
1232.0353888384486,5,29,D,212803.95362030767
1590.3219173340526,2,36,A,269699.25590222667
581.2385921705461,3,32,A,128101.85452406376
2124.581978070847,5,61,C,383720.8785796036
2296.958675908131,1,4,C,389709.5738993765
2129.092099557951,2,47,C,324015.38464738504
2350.6034924767373,5,39,A,289248.8205604182
2064.4240468581365,4,34,D,268795.7309797556
2005.5092345720473,1,15,B,298968.51977321325
2084.368240192808,1,62,A,269355.6239467922
1639.614940828034,4,65,D,220422.79013506306
2512.9967175578413,5,43,A,333275.930632219
1590.856760991506,3,70,A,249444.39226352074
922.5888449068843,3,66,A,191025.10618958675
2309.8701681710704,2,49,C,412599.28917063924
2910.421667970889,4,13,B,461385.5287102692
1223.9093284256214,1,17,C,230657.4962810782
1739.021322244286,4,52,B,308157.71407955827
1388.7347935691837,4,41,C,240054.9598687701
,1,31,A,259339.23337705765
1827.6557830677948,5,33,B,341231.95532120886
1054.9149283312986,5,3,B,214042.61664453964
1633.4077972396276,2,73,A,247332.70623440488
920.4195681705677,3,5,B,210718.21510930406
1459.0634172351133,5,74,B,266369.8404337243
1088.3582076081075,2,15,A,237153.30066080726
1164.5635803239134,3,43,B,224409.39711867963
768.0535916050801,2,11,D,109730.66586242766
2531.6127532395803,4,20,B,370085.53676986287
2105.435450843731,3,2,B,374118.1127013053
649.5215739261034,3,19,B,126334.47310356412
1441.9034435712747,3,7,B,269811.5225713703
1397.7368400581556,1,15,D,167228.575416813
1385.4335230988418,5,11,B,287229.56035613647
931.8698924661097,1,35,C,206108.93841349764
2252.631432821073,2,34,B,371238.4136444052
1562.4817286952007,1,57,A,191292.48972530407
2080.889345693708,2,21,A,272001.24842274364
2116.0534590998564,1,2,A,303894.76132288884
2625.2671870025324,3,4,A,373773.43489024753
711.0766333541139,3,57,A,172320.41885637314
2843.1612668549733,2,16,C,449494.64450431755
2561.2891643347384,2,25,D,351903.3917883529
2143.839595401304,3,60,A,305565.7003980532
3230.15533754047,4,28,A,494647.20948270813
1922.9871587563389,2,24,B,254223.99479017954
2292.887349642131,3,79,B,340624.81177598634
1356.9516112392243,2,45,C,230861.71027704614
2480.6144447710967,3,14,A,326291.8159255745
1900.6955818334486,3,36,C,388373.15190756455
1529.279913086372,1,60,D,240491.45416787153
3070.1635189895255,2,46,A,445303.104376381
1617.120201275501,4,31,D,230807.81831769994
1805.3167965651105,1,52,B,291516.77981984406
1681.632025604323,2,69,C,309092.44249773974
1346.5974520581112,2,19,C,272741.1253670933
2118.763440318257,4,64,A,333783.748474908
2243.045762239639,3,43,A,358708.90051541827
2012.6235166432352,4,15,A,337641.26247405447
383.65304313303886,4,30,A,151278.87553530437
2404.798202053851,4,0,B,418130.63754540996
1589.8569901061437,1,55,A,225828.4386797216
1070.2059528664163,1,79,C,227741.81680746903
2161.9685754305847,3,13,B,320516.08432134916
2137.709652224318,5,79,B,302658.7670329047
1174.155778631198,1,47,D,196808.3682964859
3283.461407299539,4,19,C,497982.4193666065
1074.2240703746097,4,53,A,202746.5202271918
760.1983773693264,4,19,A,150052.08021927008
1107.4971442210099,3,40,B,215825.9657426736
2652.4799057340383,5,61,C,472974.7955159056
1694.4859645778906,4,4,B,335453.82405126584
1576.765987291085,2,64,A,232565.25435714464
1762.7053673200035,2,4,C,339277.1117730873
1442.031655250217,3,35,C,280802.40915845026
1385.8419520037576,4,18,B,275537.47147950064
1415.2707037167368,5,58,C,267782.63425453636
2224.7733140804535,4,34,B,381855.26712255937
2412.273531402994,5,76,A,366804.2757910334
1166.9444628103338,2,54,C,221084.05393333625
1943.5367830430346,5,64,A,333483.27227701
2272.924344749452,5,48,A,338797.56908180966
1150.9488302963305,3,35,C,219059.197868031
,3,16,A,248471.9117171424
1177.161502613525,1,69,A,185034.30668109626
1025.382874189658,3,67,B,216460.73900907277
1861.1177212740008,4,25,B,314320.38324240956
1358.320577201925,5,79,C,307094.03409101366
2178.677453486728,5,4,A,360648.78618386586
1782.346846430818,3,49,C,305143.5555140345
2047.5764131229967,2,0,C,357233.91352799267
1624.6302524280773,4,26,B,325617.13545283943
1419.0015704465861,3,63,A,180291.99996752298
1745.5961189359311,2,74,A,284877.07049875637
1797.0023218340425,2,20,A,258789.04107668274
1376.4867032900281,3,2,B,280094.2221589454
2055.957273066099,1,32,C,333660.05053814175
2247.956913585881,2,62,A,339089.68862435356
1894.849623198556,5,55,D,303366.0432723935
2828.094533100936,5,1,B,403108.07939508406
1420.5965942095704,4,1,C,258177.54694942659
2112.357850920662,1,15,B,316256.34689514386
1554.7591196825636,3,41,A,219707.88523042182
1940.7777022051557,2,57,D,240498.7649110103
1302.0303962507492,5,9,D,248446.07368340064
2469.07402641886,3,38,B,365080.97896159557
1905.6125434543544,2,10,C,324404.5751450589
2515.3466997439004,5,5,C,426968.79369724717
1040.3426539057455,4,45,B,185480.61610586022
,1,66,B,224697.87617400725
1264.4605198331574,5,58,B,222007.59390892327
1480.8348808250994,2,9,B,302950.70652027
1384.4341816885053,5,28,A,281462.6606470969
1727.6754394276243,2,10,A,272218.8938561043
1789.6517137632943,4,17,B,341641.00606628414
,3,16,A,299201.02855233045
,5,37,B,270503.7585212127
1912.455106733201,3,30,C,343787.49221426935
2325.3692973185407,2,32,A,331720.32056159584
1258.6346604066462,3,73,C,295549.3285548909
1800.533175001153,2,39,D,280528.5096500949
1755.557466494471,4,64,A,263742.78517724853
2081.012780534257,1,74,A,260522.7016939784
1761.6848491357412,2,54,A,238310.45570382147
1790.6011178429965,4,50,B,305112.3985311735
1205.3425306631211,2,78,B,220625.3040017782
1813.0223034357848,5,7,B,333820.6683085658
1246.8693064205345,1,37,A,174745.45497746475
2109.422548898447,3,9,B,350069.3557941514
1738.068639428087,1,66,B,286976.3320883283
1823.915050568799,5,2,D,242169.82135848445
1265.2857797458237,1,30,B,194170.5771097667
2282.2545479650134,5,48,B,342386.8644157897
2215.3883453593044,1,70,B,309852.0879595025
2316.9143574298846,4,61,B,356274.9651423064
3136.4316485479053,5,2,A,446571.94135168893
1768.4883706241558,2,39,C,316683.9182262892
2522.041701484684,4,77,B,311624.10127045284
1725.703316145647,4,32,A,282368.745028834
2036.4523775041787,2,3,A,287976.69928140164
2019.2024565677614,4,71,A,344691.25181069394
1958.7550580150846,5,36,A,273921.8416473418
2194.9537071122286,5,2,D,304503.16155846766
1617.6381717964523,1,46,B,235194.4187001172
1824.559368948886,1,77,B,303804.2838309632
2121.185788405087,3,5,A,291137.2101506299
2848.7123400230944,4,51,C,461518.2108545492
1294.585998610553,1,50,B,245192.40234232228
716.3204277702521,3,66,D,130889.37002881627
1509.548705311381,5,42,B,243484.26744020113
1853.9570597884717,2,61,A,268308.0412643764
1904.986255922214,4,71,C,336059.00125141913
1855.3306714720404,1,70,C,300433.39287661464
2509.6740736072697,4,20,A,357169.3023776075
2385.629875670328,5,8,B,410280.86754495243
1770.4392570292225,5,43,B,314774.3308047019
1518.271726348688,1,25,A,256991.3230541165
1592.3946711704964,3,76,B,284023.62953429826
1586.217508210441,5,47,C,296209.09997822094
,5,41,C,312383.4568128384
856.4096630742031,2,23,C,256173.89210909084
1523.3755538144264,2,11,D,175559.8837405382
1545.0719872224204,5,47,D,278567.05753405974
1686.6717685812237,3,79,C,342622.93357214594
1647.419992547926,2,72,D,227579.5648687916
2203.204284976522,5,20,A,363106.6334250853
1480.8339864222048,4,53,B,340492.6980091396
1536.8533791414707,4,31,A,236242.65916766092
,2,4,B,368411.56057281344
1658.8110919534608,5,67,A,284354.5705698379
1929.8728361074054,2,9,A,282437.0808210945
2201.601419013664,3,38,B,373021.0430206158
,4,77,B,344574.8451627672
1950.0974687905896,3,28,C,336696.07155161677
1682.1350653945083,4,5,A,314351.83069762215
2209.136461855924,4,76,A,313003.88709326315
,1,67,A,266236.59070909437
1497.088349362951,3,55,B,265069.6638567779
1709.514487800594,1,78,A,285036.0695854818
1069.1223736064812,5,12,A,249356.23981636006
1223.0664155118525,2,12,B,253565.57692332973
670.2551779328796,4,28,B,167937.7283608443
1392.041171035853,1,56,A,236475.46553184962
2601.3272529785304,1,69,B,326197.32161579083
1466.106696004048,2,64,A,201975.2163074801
2272.524490261621,2,21,A,359119.8387282358
1797.930087466319,5,76,C,353328.4109602132
1379.6707061450797,5,46,C,330472.95057607716
2602.967709076745,5,67,D,406559.0212241898
2149.323509143885,1,34,A,302010.4240815787
748.9196608319335,4,59,A,759802.1588227716
2424.841318912014,4,29,A,327459.85511263035
1155.1251028660486,5,61,B,243303.34128288494
1693.2516320504212,1,43,A,261286.92071342396
2200.868053010337,2,62,A,369507.8550381372
,5,59,B,281719.1808042283
2471.3664333703246,1,7,A,376498.7934846308
2256.758256307897,3,6,A,400924.6853191782
853.8746337078147,2,27,A,182518.25773433718
1516.5395061397317,4,34,D,297917.27872877324
1969.2442399328188,5,68,B,358001.79098596796
1455.0007912409746,1,75,A,193339.5755542979
1670.2340962913172,1,59,A,210208.5465687423
2279.870946833371,2,16,D,324529.5702182497
1990.0687840100732,5,76,A,330455.8840864607
1247.6285789070844,4,69,B,223249.35502011026
1904.7638216121823,3,67,A,314353.61843693437
1432.6382189340766,4,0,A,263997.1928323916
,4,52,D,177186.79694870513
1121.9664899987606,5,33,A,212454.98899623094
1972.173322260551,3,42,B,312219.65194678534
1783.1317764038627,2,66,A,257888.70243459815
1803.2590851350553,1,8,A,268674.30722437595
1112.2745712765504,5,9,B,253922.8967236809
1689.6422700074547,4,34,D,227105.20835994798
1177.6994353505452,4,74,C,237951.18594266975
1244.163699860023,1,76,B,178100.8320998922
1700.9239459257371,2,62,D,191658.58290599636
969.965729207702,5,3,B,223222.0239320139
2201.560359820267,1,75,D,217022.30457100322
3292.1297107637456,3,77,B,429862.25923603226
2075.2939494544426,1,6,A,288880.90228713804
1174.2581166026964,4,7,B,198829.96784186817
1637.2886915091092,5,1,D,269796.16294271336
866.7372338506573,1,61,B,187700.90033303646
1573.4301712246672,2,23,D,227876.04072828506
2104.3883613416306,1,10,A,277166.4832060837
2153.6308597114635,5,5,A,370228.78685119975
1180.9543476849403,5,25,A,238582.3077548887
,5,65,A,276146.51811694
2493.8448150032677,1,24,B,389132.89765049645
2853.0549510594583,5,48,A,417740.894169525
,1,28,A,216280.64028633648
1281.47999275243,4,10,D,208694.05029896696
1832.6495214722374,1,68,A,242933.72453627415
300.0,3,16,B,103867.57923577917
1481.3795993094686,1,14,A,231282.42899122273
1637.4150184127286,1,64,B,239005.98222969752
1524.3948074772675,4,69,A,232490.35061613115
849.6760631024866,1,34,C,211912.5956912597
1652.6693353622086,4,30,C,313711.6090565606
1334.034827966591,5,30,C,256779.42999950715
2254.4898350748736,4,5,A,326880.7410109297
1248.9151095463421,3,53,B,250341.96111774852
1630.5929221432552,4,70,A,296962.20974587137
1660.2312449289582,5,39,D,260760.78302490243
2140.542852794712,1,61,B,306725.80403683754
300.0,1,41,C,121629.52492846387
1595.6250385223998,2,35,A,254260.97772049092
2255.769089564206,5,70,D,325166.12653513567
1582.9870576640594,5,52,C,375453.4165736775
,2,13,B,184536.47920305032
1995.9589035503745,3,54,B,314241.75498327595
2002.0121437461053,3,20,B,342205.5266905854
1637.706364825603,4,31,C,347077.2375850636
1104.1225756249619,4,66,A,184467.40419167207
1355.5949126837504,5,43,B,241244.61038795972
1611.7460946381439,3,19,B,282823.55713257694
1274.6802865450284,5,32,B,258342.2985668296
647.8929909882311,1,20,A,128429.33911941729
1338.427920641302,5,38,D,270634.999454327
1762.9536393169346,3,67,B,301184.17529381526
1495.7639596250672,3,56,B,289782.86546920676
1754.6562965169583,5,50,B,334781.5052671897
1850.1947873777542,3,33,A,248112.60364327556
2337.9453002185924,2,1,A,329654.11966938793
3122.2944740709336,1,32,B,438574.8642029897
2239.0673040758434,2,54,A,320518.25151379633
957.4028720707028,1,61,A,160676.3057636905
300.0,3,6,B,106235.09760743052
1743.3226987984121,3,23,D,273662.301245632
1842.833061154778,1,11,C,301439.910081001
1102.8760164992543,2,27,B,225871.06774409593
1963.2192823212447,2,36,C,374944.7781006692
1339.8362472787219,2,34,A,223412.70617636383
2041.6018396689822,3,18,A,1927697.5497086598
1604.6890962169027,2,18,B,329941.7907772519
2038.477554434783,4,5,C,378539.4924132033
754.0828835367406,3,69,D,112213.40693997701
1536.9198749404204,5,13,C,298014.9349581008
1710.8423961164726,5,32,A,273081.5899316366
945.0751649400412,4,42,D,177849.6803067653
2929.4029549360384,2,26,A,393383.69534852414
1475.5359527426856,1,13,B,274723.61987440154
2633.9830374050257,1,4,C,408091.1295259453
,1,47,A,183674.4027424331
1662.017306711398,5,17,C,320021.59269896767
2510.3411470260116,3,72,B,383672.6422967498
1982.2961070166757,4,48,B,319447.0284203301
1915.2326101739163,1,0,C,350804.26013534894
1959.5660689057304,2,3,B,333109.48867552524
980.30527425548,4,35,B,259151.3225391864
1566.2679158171213,3,77,B,305843.9485638965
1226.132607670982,3,68,A,211054.412414064
1918.448191388589,1,79,A,288450.5935729441
1473.6011217578987,3,30,A,247932.6929099889
1773.5645271001508,2,11,C,309414.0655318374
1753.6244620434347,4,61,B,317664.6649121298
1778.177769056992,1,4,A,232212.93852842928
1779.151726853082,3,68,A,345390.86715937726
1408.573136169841,1,33,B,224467.52136419585
1167.5983226660794,3,2,B,220291.91077273648
1401.3862143878246,3,21,B,250149.32830946505
2442.923004386189,4,24,C,406061.87856043025
2024.4970838789118,1,13,A,244161.82298613808
2152.173216355209,3,44,D,344187.40683859936
2627.9807497826087,2,8,D,341756.58307467157
1092.3414400961021,2,55,A,153248.64021864132
2105.9714528890927,3,39,C,347800.826468612
1154.9555368783529,4,23,B,243605.22421632157
1599.4004406798672,5,70,D,277151.0185417416
,4,54,C,373746.57349373715
2768.6071602818542,2,78,B,440906.9498592674
1330.701034514887,1,20,C,293644.08780546417
1743.1222478436944,2,27,A,265033.6976206003
2493.7420823729503,3,77,B,345060.98466132826
906.1151283807766,2,31,B,209290.1233808528
2017.2677488239367,4,8,A,324020.5228176931
1615.0331097612693,2,52,A,253650.72384539444
1270.9830171179665,4,52,A,234565.43912104002
1887.9784938441653,5,30,C,363027.6494254035
2156.955517108094,4,63,A,314200.7028682993
1252.7401426042738,3,72,A,179721.60027238223
2027.9938691080447,5,16,B,385171.8623962652
1904.0219937720583,5,63,C,365074.4298406723
1054.9120163983714,3,53,B,221399.84639096702
2732.047720164074,1,47,C,406068.67404169595
2453.9416018920874,1,77,A,346614.32919382874
1284.0439512665293,3,52,C,238850.29547839184
1448.0214703614924,1,3,C,262752.00264866673
2262.4681402485407,3,57,A,366612.73464166967
,1,48,D,259261.92668801366
696.1688368664288,4,52,B,191412.59269408244
2429.329267440436,3,52,B,322973.1235540728
1805.2688537794638,4,28,B,324800.53913931304
2944.2157145789506,3,19,B,415471.8524704251
2014.4802739013917,2,43,A,312501.5091617811
1914.5954936298076,4,42,B,355402.6306071897
3524.7002888364786,1,23,C,521273.7562381689
1696.879592429141,2,52,C,259613.44355586483
1228.9105410738725,5,22,A,223564.7070058217
1937.5187877415487,3,37,A,268551.5798316765
2481.4529418126394,2,53,A,345666.3038420013
1100.9279134881426,5,61,A,192495.0617102587
1255.040934416726,1,34,B,256146.07059347662
2069.8662590258577,2,29,A,248667.05644546807
300.0,3,67,A,72864.49869348202
1144.3928052106162,4,43,A,195929.69696514503
2277.2904494652416,2,17,B,336680.2603451315
1447.9560503081425,1,55,B,232075.78406662235
824.1101203853672,5,20,B,212349.19134911825
2955.339995057584,2,6,A,465016.76130640175
953.6789056360391,4,69,D,160236.37888752564
1485.9806718240563,4,74,A,190076.84058495171
1576.3611004255827,3,28,C,300730.41026556515
1849.886636386621,4,35,A,282866.3498034474
1578.2968788576309,1,77,A,248081.70073197313
1751.420952859734,1,4,B,280551.6827294153
1834.496747445546,3,10,B,342592.459751158
1747.9941427401463,4,56,B,259241.78810462749
1855.964304415945,3,68,B,238768.5951658715
372.6445873101843,2,33,B,134521.78104560432
2064.638818660538,4,44,B,366821.2915377056
957.3259812113781,3,73,D,135905.62185328855
500.0126932625633,2,42,A,125999.77734935578
2628.808743894724,1,14,A,362675.7417638909
1028.6908324805365,5,42,A,252111.2768358552
1907.9214635725255,4,29,A,327251.36225052486
1336.4631077610727,3,14,B,257470.98218756798
1392.9202704777317,3,67,C,275692.1376136935
2090.192861149295,1,62,A,330157.2610145965
1171.065024485095,1,3,C,252217.381385415
2023.6045652489893,3,32,A,312780.3682915576
2028.4154857458057,1,37,C,343051.7853246205
2498.6687483616884,5,50,A,387391.30701925856
1598.2720677017694,1,35,B,319533.83263749257
2427.9493520185265,1,51,A,327346.42469007464
2832.416824045239,2,42,A,412893.34704267915
2752.0093676522793,2,69,A,352374.1611471042
2151.646174074837,3,0,A,340433.43697718345
2069.4996431574027,5,74,C,324515.0256939315
3509.672976435564,4,17,C,587420.2460749792
3139.305575278534,1,42,D,431806.07568371936
,1,53,A,205490.728063648
2354.1654217669734,2,16,B,333400.00897793507
2161.175539238141,5,58,C,436668.0161695757
1843.3604768989926,3,42,A,329434.6127449004
1891.9873788732907,5,53,B,293417.8923024446
2092.671067477388,3,79,A,284004.0880535128
2362.4150863977598,4,74,A,326927.1215850115
1931.2619169909808,3,23,B,304449.2198058345
2003.8762287358602,4,43,D,285477.3069380093
2635.2841884855843,4,18,C,448748.2718771943
1990.6321460564213,2,36,A,264103.7509230233
2127.013489027849,2,59,A,328271.8182580105
2394.138057947661,2,53,D,320370.1195426132
2779.9574496350533,1,71,A,369567.12843796785
2536.2245575202382,1,45,C,433957.8154193818
2026.3289716961356,2,15,A,335296.5426122883
1924.6892723856383,2,75,A,276428.1962343107
1065.8378532891518,1,57,B,178559.83753472692
1975.237526462131,3,66,C,351663.2837090076
1177.6981440325062,3,76,B,205354.31229138357
1185.5763350905454,3,55,B,246977.30166429732
2190.305356481431,5,45,C,357127.99080961844
1739.653689854547,3,28,C,312969.9264904148
2083.325697617621,1,70,A,275993.8732520867
1423.8221295732005,4,33,B,256854.0247220248
2520.7224044856976,3,54,B,381204.1319051161
1886.2633080337407,2,76,A,258539.71472137357
2512.636996220171,5,53,A,343783.595645562
2204.0642941090955,3,54,B,341844.458659086
1899.1494231591973,5,10,A,337712.34721993475
,3,75,C,228149.32519433126
1818.9045465893184,4,18,A,298096.06076596724
2296.8062912919722,5,0,A,370155.792537625
2218.5946404923757,4,19,B,387561.72422173293
1082.6492084977547,4,32,B,207893.2934358753
2415.409231647567,1,29,B,359550.5836747657
1671.655235114935,2,62,B,283321.0541330947
2289.1582326023263,3,10,A,334923.3128099175
1381.507043153663,5,51,B,253494.03559342507
2182.7131725939453,5,15,A,339547.2891728264
1322.0448703042787,4,1,A,206950.34613779123
1877.614098995541,4,65,D,287409.1803071198
1621.1821159682104,1,76,A,240169.886727713
1628.656459884355,2,21,B,276947.16461432044
1460.0476538454561,5,73,B,241561.46856209665
1707.8525422496946,3,4,A,286892.3956621516
755.619185899505,1,60,B,155930.319052575
2325.9598160408514,4,13,A,343523.4988163221
2377.0119522530326,4,29,B,342141.77209907706
1534.3356762918106,5,19,C,329705.4593051316
972.14722445524,3,0,B,210601.90907084537
1411.9744381078342,3,12,C,307469.4362025307
2368.5685978187257,4,11,B,353136.0933480603
2175.3124640290644,5,26,B,300523.55500097293
1619.7878634487352,2,1,A,268474.55379355774
2338.3648680843503,4,23,A,350705.05920809857
1175.1115462004882,1,6,A,166827.513176275
1432.4182013454051,5,62,B,250189.76798631344
2084.7643480100937,3,73,B,312222.6145525506
1742.4520021773249,2,32,A,245243.37361549068
1446.4645805068778,3,37,B,273323.7733992442
300.0,3,60,A,48614.412499685066
,1,39,A,261875.8441365699
1994.2330880383875,4,57,A,248246.70722273504
754.2466028691479,2,69,B,164345.32033614462
2160.1954116651164,1,26,B,249810.32951510197
1791.381744744848,4,35,A,291509.7890606323
1967.3008664245895,3,19,A,312396.39878013916
2367.1159239456,2,26,B,358954.927227588
1356.0679170304036,3,77,A,215823.60587536127
2228.13852854348,3,70,C,389895.6994165692
2210.31249119007,2,52,C,353002.80703825125
2256.9094435561065,5,40,A,348627.35667440516
2781.573466983704,4,8,D,446227.2259074055
2195.240905652818,2,79,C,346740.9390424486
1463.0653737964876,4,61,A,232195.6364851036
2879.030652083129,5,46,C,490362.05902511155
1135.6124726371313,4,2,A,225140.47627213536
1522.3658433851915,2,63,B,248685.90884060445
1221.3181733973643,5,49,A,227031.43599685142
1738.343520274891,3,50,B,271507.6624262925
2449.331569926213,3,69,C,398529.78025960346
2578.671574104351,1,5,B,410979.9741194669
2078.110449482342,4,4,A,335936.97696911014
1434.3653618512515,1,58,A,183683.50751004528
1467.8276411096795,1,44,B,217258.41135357006
1438.0823180054608,1,64,B,192383.14566885712
2371.704409394213,4,4,B,392150.4772702067
1256.0764046338106,1,58,D,202567.62779841904
2318.7157652473097,1,65,B,321140.67313099623
1780.4435570254468,2,46,D,287525.1802684798
1903.2306434711584,4,61,A,279276.7627252174
2707.0310303404035,3,27,C,401075.34952072555
1514.799591565606,5,11,B,272686.7158603201
2797.0371576884363,1,77,C,427499.67218210275
954.3284043757976,1,26,D,152116.82914668985
1305.1417836380983,3,74,B,227510.77239796525
852.965158139018,5,21,A,150291.4870183459
1351.930869570068,4,35,A,244097.22599445202
2149.729258327034,3,39,A,305581.45325740153
2242.6374389781786,2,59,C,333674.7135112888
1984.0651820843943,5,42,D,305735.2949992478
1960.2551769992097,4,69,B,320544.23074108374
1096.003813975517,5,22,A,237132.43410210937
1003.9009002442382,2,72,C,206638.38548587647
1982.3340044921993,2,56,D,332789.826997927
2608.684186383598,2,26,B,417857.79382903536
1581.5191437811673,4,15,A,287275.4604036574
1038.8642300458123,3,25,B,172284.1643247204
880.0317133501032,5,4,C,190387.43263937352
1391.6089712316386,1,75,B,222344.54812361108
2747.7262933014417,5,64,C,471647.9580494464
1675.356277480553,3,14,B,322072.51762629347
1177.233975566131,2,12,C,229894.5791085611
1434.3174935013421,5,63,B,306504.120979177
1509.8730172181085,4,76,A,208216.6040110448
1959.3680491330224,5,59,C,338454.7542492817
1403.9901278546854,2,54,A,199601.34268888924
1266.036255197298,5,37,B,268281.6481904979
1687.189809274214,1,28,B,261803.36645959207
2081.202194757733,2,24,D,324409.87689647416
2230.2262607573102,2,20,A,309294.2678013604
2130.3192097603182,1,72,A,331383.5252804856
1525.5018421976201,1,34,A,233891.78966144624
782.9537891839232,5,68,A,149350.54618575532
1320.890314273808,4,15,C,285048.640038198
1970.4488359656307,4,22,B,351751.12315376854
999.8188286940517,3,25,B,192079.89978545945
1951.5715337896866,3,4,C,336787.74788454745
1446.014430493594,1,15,C,301424.2383630313
1450.7016278981498,3,66,B,278930.3312635342
2471.7042048133135,4,1,B,431852.23764969985
1931.2395779271458,4,5,B,300422.6115112951
2622.153703695887,1,38,C,420429.3363682493
1236.4482072223718,1,3,A,221317.9219171351
2478.444715278508,3,59,C,364745.77812320215
2345.4482461452667,2,63,D,324887.87922668667
300.0,2,65,A,98571.97481770176
1747.0375729382733,2,18,C,367103.19502627966
2725.334645354157,4,22,C,424561.9515270448
2266.8344287007976,3,18,B,358944.93855894724
1535.2073060592277,3,66,C,353072.7910151528
1660.3257655969053,1,78,A,211852.43896351565
1018.1707312576813,5,58,A,181780.56745061697
1923.775494036137,5,11,A,305195.68203406635
724.0967512647289,2,56,C,148640.42584235224
1190.8159536083085,3,36,A,227625.61087421348
2471.4986162792893,3,37,C,470217.40043001313
1787.660973674806,1,59,A,270978.40133848373
1581.9443706721465,2,42,C,316325.61599013314
1736.4533261691338,4,26,A,247854.76062182453
3445.1364074923213,4,10,B,506067.53299285134
2421.1127944549103,5,59,D,328145.5023336182
1334.6151752426285,5,68,B,219102.24221676594
2800.0498502942123,1,7,C,400265.6346321161
1746.723037254867,1,52,B,288597.0875216988
2243.8301600165782,3,28,A,308938.87997741223
1448.0217283400143,3,29,B,275979.10625809006
1237.2864070091944,3,22,C,279984.05787855614
2281.1475967534598,3,31,D,331398.44151815464
,1,66,A,171603.72446951544
1331.2091307011106,5,33,A,275560.6971039964
2338.700579495523,5,48,A,375898.0756261104
1102.7585821832365,3,33,B,256914.0368195115
948.4487989513522,3,34,B,230993.77872394418
2127.032637809997,4,13,C,394199.0690212055
624.0710251843122,3,61,A,166603.03942865485
1348.9646059992226,2,18,B,250319.69612096468
1580.6123327996825,4,65,B,265438.5829779004
992.815806037773,4,13,D,165556.49864364893
1129.565687156759,5,59,A,210482.58823071673
2199.52375706097,5,57,B,359637.51780266437
1975.4718396732367,1,48,D,222593.62382416957
1232.5731190197907,1,3,B,231476.94689413096
2117.691339621055,4,44,A,355093.92286594125
2711.5670646063995,4,34,B,403960.1408630219
1030.549314039636,3,70,C,285213.6040373339
1836.7534769052409,1,3,C,307943.9211240269
2985.990808519638,3,58,B,446245.8615072824
2166.6959334290514,4,11,B,389541.86656904704
2288.031074460414,3,48,D,349681.0727377628
1679.9083976999073,3,32,B,300349.61528903886
1321.2217463174293,4,57,B,248700.07713295976
2486.023016926417,4,19,A,389314.7841184261
2192.234966497219,2,77,C,323791.8766903249
1769.086088858878,2,14,D,250601.40428125818
1520.7985651060017,5,55,B,252131.83088164654
751.3648629485317,3,36,A,167367.37067319668
1893.5437374714036,4,29,A,341196.8198652629
1384.9723412617502,1,28,B,223716.16955007802
1720.8874389713703,2,60,D,241472.12702422705
2202.5852305520507,5,15,B,417008.7332531666
2292.0016234221644,1,79,B,327208.2384915322
2231.40058142755,2,22,A,335049.5660821247
3153.038599323165,2,48,B,455890.0650563967
2499.0711175080896,4,11,A,386956.7693787775
1352.3530945363782,4,5,A,201456.212353966
1309.0188458715734,4,47,A,247080.13519636818
3196.89043475339,3,38,C,511536.21945456305
1402.0043050242496,2,35,B,197094.63518472074
1773.5187944801016,2,20,A,321558.2204148599
2846.9154526538155,1,42,C,434475.3705834253
2829.1895246973563,4,59,B,389894.1595711662
1767.220782502395,1,45,B,273754.49468475033
1945.1658489233268,3,53,A,310672.8688889619
818.9344187515991,1,69,C,168891.22461285666
1254.9907796867474,4,6,B,266222.90551400604
1580.8445219341932,3,27,B,271502.5627970805
1796.6038983067992,4,66,A,299555.48386041576
,2,44,B,264001.0781987091
1891.3763889454392,2,56,D,273463.73148722143
3115.620908337249,1,23,D,430424.69561055466
2078.6045165394175,4,55,A,322052.91679147206
1985.2243126528654,5,23,B,358409.2924894731
1801.09581353485,1,8,A,272608.35862595757
,2,32,C,318827.81350861606
2539.76676012585,3,75,D,377826.79799660656
1205.243141570703,1,28,B,202444.63774950817
1724.6522849603653,3,10,C,339979.1599921872
1142.5336613493505,2,55,A,130247.09312756463
1852.2778211540362,3,33,B,304495.0901046452
1871.4301933401775,2,33,C,350593.74072872096
2352.3039048678406,1,63,D,317808.89840384055
2518.5969724898923,2,4,C,396299.32027537684
2197.8385999800953,1,70,B,323276.4898197004
2773.3555722542133,2,0,A,394227.3217151549
2753.1019607836856,4,60,C,461751.46077216015
1989.2152128330797,2,33,A,309330.22589267616
2024.0081175751998,2,45,B,295969.6735179162
638.2309849789199,3,32,A,196747.33573447858
1992.1459228365327,2,49,A,264937.4911535649
1796.9450676732934,1,47,B,303765.18615256884
786.9028728699052,2,5,C,200809.9951779737
1541.168380894921,1,27,A,258178.932462067
2374.4543800632496,5,63,A,397566.410014383
1056.7354042098982,2,69,C,248324.75566618596
2575.7706988108257,4,77,A,373769.2860958593
2084.8795912427872,3,48,A,318435.68325269915
1662.9671458538737,3,70,C,294496.8295791377
1714.6036276927684,3,58,A,254149.1839921548
2297.956262549729,5,76,B,390000.961822777
941.1634322936181,2,12,A,170320.3922552233
3024.457163938165,3,46,A,434253.695117519
1311.9482822793134,1,19,C,296502.9205482057
1340.8300548317466,2,63,A,220838.45375985844
2532.4609183135703,5,32,B,379287.5788238417
2274.0314010070374,3,33,C,362489.1845604872
2595.2350173898867,2,48,C,380292.27824636333
2427.588644318688,5,21,A,350234.669171143
2025.837557278869,3,14,A,292602.04559452855
1034.1695120261465,4,0,C,267991.33745456225
1516.2960539767987,1,62,B,218620.3333204104
1919.0636187730356,4,56,A,282652.86499553005
1789.6904577237954,1,26,C,269134.55897677003
568.3303075904264,1,27,B,113514.52295572317
2426.643215612993,4,60,B,369704.49869704584
,5,62,B,434378.4916657682
2678.4571192151757,2,53,A,401279.47191764764
1189.2842241138735,5,70,A,208911.35795994673
2061.580067843126,4,7,B,386053.734634229
524.1011492490468,1,7,A,71075.74759630399
2814.0108851898253,3,53,D,406965.6430930694
,4,16,C,195792.82684408512
2046.305257948322,3,63,D,311856.7601960662
2497.5478131738632,3,0,A,404805.94898083765
2574.7930385584414,5,79,A,389574.2407002483
2006.3823088277452,4,20,C,345623.2591379506
944.609970535955,3,27,A,186239.9336443237
1739.2945241734285,4,30,B,324382.16354609653
1639.0089154890309,5,2,D,254165.56315152906
2021.0154954281686,1,45,D,288208.7430184773
2392.6475904094495,4,28,A,384926.2274753322
2197.224529384977,1,64,A,306552.37738176953
3072.9699346017223,4,46,B,430704.50357704755
2196.6305130733303,2,54,C,346619.3489565675
1566.70949501647,3,43,A,244362.01051075128
2777.987731296109,2,25,B,434577.8611539893
1611.2831610332025,4,2,B,290993.7914907805
1969.1181065726323,5,78,B,301876.72539345524
1908.466755818162,5,2,C,399070.3744488484
424.06118501385686,1,2,C,175796.13096212962
1966.0919720545696,3,35,A,327332.5867749022
1973.6639721003557,5,9,C,340466.52259423933
1674.176967016571,4,70,B,250813.94163357644
1715.2278148444818,1,2,C,327751.64390963357
1029.3579038868916,1,5,A,184972.54176334958
1849.4779853028022,3,58,A,217951.98740609203
2701.755291841117,1,66,A,367831.71864905435
1693.6382591934098,2,33,A,239200.09997492365
1486.7245491086578,5,42,B,299860.1739662056
1435.362663113939,4,35,B,283035.0625385925
3010.252744912399,1,70,B,429905.1105436879
986.853906673762,3,65,A,144009.84559462167
2306.9698604021146,2,28,D,342148.60064361396
1866.847083088008,2,53,A,222230.7516391162
2952.5378540741913,3,65,C,434009.7752488473
2586.7592525304212,2,47,A,318000.83411467867
1747.009184422792,5,44,B,237493.4734753929
875.1188174542934,4,46,A,149331.19062853476
2657.7839059631456,2,12,C,436044.54490943614
2674.8262005866145,3,25,B,396733.7190074236
1137.058803288924,1,16,A,216886.4453002079
2247.1400983230787,5,56,D,278413.1615508996
1319.5400706843611,3,77,B,210786.99641655985
1334.285816181235,1,27,D,171760.29908209416
834.411948338374,5,24,D,174886.18950299322
2359.7431364995873,3,26,C,381797.1314598938
1962.677055659586,1,3,C,355205.3417836136
2096.6998384249937,4,1,C,385183.14593322173
2671.4849620360537,3,35,A,399452.80054838146
2201.174781956091,4,39,A,272282.15153790044
2150.7376541016833,4,46,C,376468.9474374875
2249.5643274399977,1,70,B,304741.63185900595
1161.2568934767748,3,55,A,196000.68044658029
1779.3209192305844,5,59,D,249103.97428560685
1076.2430672122496,5,0,D,224162.3884501668
1260.0521336351035,4,71,A,194454.87163379756
1744.9100991035925,2,15,B,314542.9292771692
2437.1325709048124,1,76,A,335235.2473534582
3034.928408339375,4,0,B,460726.3439864604
1148.8841022644833,3,50,C,249980.9266407208
1903.9982498150896,1,16,A,261225.38847331726
1757.4537382763167,3,54,D,218416.97961995954
2116.3413734537353,1,51,A,261797.78471641382
2149.4459293853806,2,60,C,378594.5691362519
,4,24,C,345094.16378901526
1219.6940745315133,3,57,B,229002.6465854403
,3,15,C,351271.3748914144
2335.396027846663,5,34,C,415977.1983292219
1491.9655005320985,3,61,A,246400.2977930727
2986.8989541543233,1,35,C,463398.1731120409
1659.0520908318574,4,42,B,323238.27320678474
1419.6838813232455,5,48,A,213116.8733087803
1977.827423044759,2,51,A,248846.30254445042
1645.4463095162423,4,0,D,294343.9030124511
979.6963115367096,3,64,A,148263.8961500554
1784.305928086219,5,68,B,290906.52628661174
2757.4214645390434,5,19,C,526316.8324023812
3001.519390463902,4,59,C,497169.8269894589
1459.7751237055663,1,4,B,182947.47011589943
2343.1647621850893,4,27,C,424526.39124556637
1879.5176729118489,3,53,B,310963.7503952414
1970.3319777913835,1,40,A,229845.7540433652
2560.422727928244,5,63,D,389085.9447111822
2311.2429169734255,3,28,B,389412.8577497859
1892.592249456895,1,41,A,247390.79054659343
1242.75342858866,5,55,B,251736.6854718185
1125.6114950604888,4,64,A,214514.30226829465
1761.5891337316116,5,62,A,259040.89570216974
1994.1679964801294,2,28,A,287604.72519298684
2101.903135355445,3,18,B,360132.85072128533
2269.1816120253925,2,57,A,337991.9897205041
2387.7510772788555,5,6,A,369461.75575796823
358.1539819472571,1,42,A,55869.030987477774
2342.0641998177784,2,31,A,314426.0802238633
1171.5313340516852,2,26,A,208247.7709071789
2468.4411448541837,1,17,B,348986.1538235608
2001.986596765379,5,53,C,399117.62169403525
2178.3358906722206,2,33,D,299110.8207484975
1475.4445510775543,1,9,B,216962.88164683923
1969.590792819623,2,48,A,206407.76637543616
679.6724523658211,5,39,A,160621.1859876943
2457.1479700227446,3,13,A,380753.785756022
1601.49675681551,3,55,B,263289.9899226821
300.0,4,20,B,124545.50754007495
2436.8901321955345,3,57,A,329630.66338364047
2806.0642359914323,3,14,B,409404.12529041927
1274.3222901575937,2,9,D,175001.63848628808
2527.62593147565,5,4,A,416981.4845437039
1350.1467293325645,5,59,B,243146.16590598604
440.0876220403743,1,11,B,134498.14103930382
1585.2645154324036,1,8,A,255368.60094765323
1995.6818711957608,4,47,A,365305.8260724848
1880.130677626681,4,63,A,282531.34087333974
1862.1587696967847,5,39,A,300595.55209576996
1977.853714657391,3,52,A,325309.2394806763
1929.933398173734,4,39,A,329869.42604506353
1670.377017925283,2,19,A,292177.5612307832
1439.1711761080169,1,71,A,207124.61399941423
1640.519491471968,4,45,A,227410.23705571322
,2,3,B,259430.44836103413
1618.2464259390579,4,73,C,239009.61356127256
1138.2279412287262,2,21,A,155021.58443239672
1474.4433692896964,5,3,D,303794.88990336074
1849.335713271069,5,24,C,376610.1202333233
1985.6513462618357,1,56,C,316051.79621668014
1761.5826314887902,2,32,C,301006.9173489382
1689.8040514588004,1,54,C,270278.8370325623
2120.669924143298,2,9,A,294227.20431616495
2288.681196369026,2,49,A,334197.7386372366
2208.0479272202906,1,72,C,371815.4358760617
,2,50,D,121841.72093768883
1526.75694524738,5,13,C,350055.56981161435
2223.392752221195,2,25,B,282359.8042050561
2109.2383942062424,1,66,A,315198.01707299275
2207.8863607828457,1,1,A,369270.5603644663
1988.6109048116557,4,23,A,329941.4180024673
1287.877918613144,2,30,B,212828.48627606503
2533.5387194044847,2,0,A,358612.36503769853
984.2466754720379,4,68,C,196767.89030984274
2391.4546754542434,1,25,D,298474.69432398
1790.1749212556401,2,41,D,208257.83851319418
916.4074654280018,5,13,B,221947.9443480891
1562.304719667822,3,21,A,244055.3306746188
2522.2510479102393,1,46,C,406443.6297416163
1446.9589981016952,3,18,C,307483.42555749574
1073.6385619114042,2,75,A,177673.37171053927
1626.7258297447172,5,41,A,250622.34955635897
,4,42,C,252877.84141972827
1049.6400124628447,4,65,C,242475.3234749292
2062.5226513361827,3,37,A,284310.875193166
2278.9033845586832,5,3,A,373354.36105320096
1468.9611496853267,4,55,B,277018.09728628315
2114.1737541869315,3,6,A,324408.77916448325
1567.7837910482865,3,19,C,309363.76660722075
1740.171522505908,1,38,A,249173.17615577547
1874.0414465955412,1,13,A,294259.2322888811
2695.97012483521,2,61,C,410069.9184644116
2104.5353191032173,5,46,A,325479.0753427065
1200.5321348760676,2,53,A,251142.98725919297
,1,34,B,297121.5919729202
1667.2870378579603,2,51,A,244399.28772004126
1520.1837546554339,1,0,B,275147.0054577643
1296.1431854880057,4,63,B,226620.0547579231
1784.2438424661461,3,18,A,289580.9555355114
1763.9205388279902,5,16,A,301032.0785503987
1558.6905812733123,3,27,A,263665.96779684373
965.3115935410415,4,44,A,201191.14289862767
775.6966241582866,2,79,A,184317.35834426922
1876.7906952087926,2,33,B,322149.85654624907
1906.9228520737506,1,20,B,320281.36522439827
3109.877212411224,3,65,A,453774.74139078177
1692.8021943821416,3,72,C,312077.2492438447
2412.8544475029676,2,77,A,378286.7974725283
2517.1222333915352,2,14,A,347803.94351528236
1763.3599467652537,2,66,B,274564.7824745174
1846.080602062546,5,62,D,294787.29828156537
1542.0937576333442,3,45,B,266199.8614277023
2865.09552647058,2,37,A,384236.24081928754
894.9406972466481,5,73,B,183595.07375063506
1776.2123108173785,1,27,A,261418.25143937132
2630.47379646219,1,8,A,342750.208905516
1735.3919619998558,3,18,B,279726.68852543033
1457.4375001328192,3,46,B,247207.18206278165
1939.7295821671207,1,0,B,292015.35812119127
2116.192807609539,5,71,B,363509.33902318095
2140.4658442118875,1,73,A,278339.2204661101
1968.985988961274,3,51,B,330775.3724791164
2250.054671818644,2,17,C,342363.5398290323
2367.420633599201,2,47,A,338428.4723743316
1135.8702525725073,5,14,C,312233.6947900313
1572.6649048514098,4,40,C,292483.2885653845
2321.8147957472165,1,12,B,395386.3270559029
2093.172014688336,5,6,B,402073.2035771866
1940.7600650090085,3,71,B,315519.7482975711
2203.487335270943,4,10,B,359295.98527802824
2371.292240820516,3,32,A,367275.0082197729
1285.1717645599301,5,60,D,157835.48085708823
1063.8333527137352,5,24,C,265029.95648297423
1107.7911235891354,3,19,B,246393.2090161915
2915.2044774817145,1,64,C,447781.1817392054
1167.3404560512352,2,63,A,180569.54707871765
1659.2477264729962,2,0,D,259929.47562369658
1688.7130205491098,1,7,A,248013.00920315948
2418.6360991254246,1,49,B,342551.6033107081
757.0073406594158,5,61,A,174484.34602423038
1776.4390734279564,1,52,A,251833.28288813727
2528.6330081092146,1,35,B,362963.04540088883
2468.939857314361,5,32,A,338710.66952767526
2045.5871966618993,4,64,B,360439.17699691356
1643.4365475720385,1,8,A,225572.42638094275
2854.6100679810106,3,1,D,381872.29783079366
796.8316940885937,4,64,A,162631.63475622947
2388.59116512711,3,60,C,389967.3227948989
2104.906733187518,2,29,A,275530.87429820444
2154.6220106446062,2,32,A,301543.60473383055
1959.485298144688,2,78,C,321611.6609510006
1923.1080884682008,1,77,A,295495.1967778399
2358.4727974813304,3,44,A,323889.0366151108
1108.1731268096264,5,20,B,213105.08462372643
1052.0688326729216,2,50,C,232336.46946332091
1897.4719412062932,3,32,C,328512.46823625534
1831.2904750093471,4,75,A,255719.31262225937
1898.1960974038245,4,53,B,1956028.045852554
2754.25979010312,3,24,B,413289.3620739743
1452.4143878642149,4,56,A,238562.84822961982
2250.791256684459,4,64,D,345182.6204414377
2030.6686222441067,5,55,B,338490.8779229449
3219.937441404291,3,23,A,442283.52311561845
958.6880091006461,1,66,B,134258.29278024094
1472.3957290009507,2,13,C,257738.47940949243
1525.9259795802946,4,74,D,216132.0921725966
2592.3617379624807,1,46,A,342975.4999386616
,4,57,C,239228.94854604604
2794.7657997098004,5,36,B,424180.9195471269
2758.864987880813,3,41,B,403672.32359785977
2319.3675905363616,1,73,B,293248.48198401905
2062.4256241361923,1,59,D,257137.79360945156
866.2930866380366,3,44,C,175444.83904345476
1909.2897041270053,3,78,D,223668.4591851298
941.5970047569836,2,56,B,209043.50908459624
1582.424166233096,1,0,D,247054.33156168292
1921.860439977818,5,1,A,268177.2269353139
1614.6771726184807,4,61,A,228049.59302454788
2370.483373325465,2,16,B,362233.2437140563
1722.4943117222072,5,34,A,273911.66698074486
870.8506678372945,3,4,A,176006.90363829554
1163.9656643815865,5,54,B,232134.2901985639
1035.6549659300413,2,36,A,188934.1411580955
1610.1417733404376,3,17,C,272209.7738004221
2548.5509142118726,1,19,B,375605.70374071645
2103.4476288879678,4,18,A,336239.0229853311
2003.7056829478208,5,48,B,303136.9088651069
1028.771164108409,2,61,A,175547.31599416668
3221.4983117941183,2,4,A,480176.1730223062
1783.0421026869499,2,60,D,233279.83760166052
3250.147601899301,3,44,A,457762.64703327516
1279.5471322184992,2,53,A,201676.81473920954
1459.2921116783884,3,5,B,335345.7601283988
3359.7968941602016,4,3,C,558845.8438645096
1155.0036124465564,5,33,B,231301.5641836468
2051.2234924151276,2,35,B,275121.47858497547
1597.0768353131627,5,3,C,342574.8857494867
1311.9525961853947,4,20,A,226515.38053634908
3096.6477579707744,4,68,C,527251.7382819854
1197.5213695136194,4,4,A,269386.049520747
2338.461000958359,1,56,C,408454.36907566217
2462.5875584902874,5,16,B,410688.70172900695
1192.9191267147148,5,50,A,186858.03126626118
661.6648254873837,4,50,A,172759.05107134758
731.6160616417769,3,52,A,145831.05566960914
1320.2499193153722,3,25,A,259127.5730372753
1933.5988012515065,3,51,B,303161.4928758833
2001.265278302288,5,68,C,319213.21725126216
1686.5720555002033,1,24,B,228145.7253137952
1736.8160492095233,2,57,B,249523.77816354175
2384.428415027953,3,52,B,388466.56915837404
2260.891787041906,3,18,B,322947.67979466927
2027.2525350850074,2,17,A,303314.43847033853
1429.819729135877,5,69,B,243050.20782189138
,4,58,A,370422.56706050644
1908.725806452994,1,4,A,287287.82107761264
1351.2989116734539,2,25,A,196387.90309539076
1453.8624737727832,5,29,A,259062.7924383978
2537.1886550623253,1,43,C,431468.8556684636
2907.2291775500144,4,45,A,426170.88471408765
1482.1639605417172,1,2,D,226809.67760362354
553.1591074006769,5,45,A,104181.43768841692
2152.4782301960176,1,55,A,324442.9419855206
1258.0423042778787,2,7,B,238986.34973704454
2239.4988964957047,1,32,A,341072.6070281704
1574.425633379016,3,57,A,238939.2561977427
3137.7590878936417,2,52,C,462539.51746722934
1867.3467032044784,5,75,B,346872.0993178449
2341.7104206681556,3,45,A,312832.79519642564
1070.967761229649,1,57,B,169387.4709539794
300.0,5,57,A,113998.90307479052
1881.19867104145,5,47,B,264614.1253087604
1957.1778540611087,4,61,B,315933.2466925874
2232.1797813653366,5,22,B,404499.5609522049
1467.7131278070717,1,53,A,189858.90883120598
1024.8968972137236,4,28,C,207850.9557029974
839.7027744909584,4,12,B,188514.07726387138
2131.8845488227976,3,2,D,344870.5944089833
2226.1745556562873,1,35,C,350814.72653944744
1274.5450029622414,5,21,B,214805.26937357156
1483.1792278295065,1,50,B,263974.91261599597
1363.0887346510453,2,47,B,231038.67611998288
662.8755102715381,4,32,B,176505.88455386081
1919.4693652299088,2,41,A,352487.7060129319
2307.609669968517,2,23,B,349084.0306211447
1665.9901735610738,2,9,A,218633.21958994167
946.5166172096326,2,15,B,216987.0125816822
1681.00686992986,3,27,B,321773.1748153915
2618.6536143740586,2,56,A,366343.70515163103
3077.9436370397198,4,44,C,503135.2765481333
1961.4582835567596,5,48,C,371215.55406908755
1326.6353827825,3,42,B,255624.38924158615
608.6547237376128,5,27,D,185771.1289657896
872.4383434588797,3,10,B,154508.9306656996
1746.6674698879644,5,13,B,310908.4141404849
1935.4592581214476,1,66,B,302598.73904664826
1953.9839546479047,2,14,B,344741.16217069695
1642.213520731956,3,68,A,209922.35060656234
874.0667371434432,3,12,D,162909.57440265853
854.1264421623187,2,68,D,125731.47666645498
1888.3946185945115,4,12,A,280644.4422545919
1305.2592708117359,4,51,A,258012.35558980447
2582.9013249263626,1,19,B,400428.4366544714
924.6523478965711,5,61,B,233868.06878486538
2812.2587542023275,2,74,A,408081.66360632493
1400.1022906646388,3,63,A,230672.81307665387
1933.9134008188244,4,27,B,299878.3060093374
1933.8971575824035,1,39,B,258862.47997454612
1593.5954700847,5,63,C,317475.6952252425
591.9102932233122,5,13,A,157206.13824406694
1510.5627681492904,5,25,B,259201.15097713596
2713.47611762039,2,31,B,403007.84909768373
1031.5240349631904,4,70,B,191711.35014783044
694.7345116176389,3,54,B,170686.36515541986
1668.6759018222465,1,33,A,305130.06898174033
1552.5677607542495,5,59,B,282255.5238451223
1024.294945160015,1,35,B,205283.36914527317
1348.4563711399405,4,8,B,275820.53982455045
1511.3525502376808,3,27,B,311841.54763581534
1552.2753219208578,3,9,A,248624.01072700863
1897.6642934167717,1,62,B,261134.2644108682
2223.9979513935987,5,26,B,358936.97637549636
2032.2449431035268,3,65,A,272311.09248414356
2005.0492411390808,2,78,B,324210.2041147523
2808.085773317939,1,30,A,388299.21483496967
2457.1819350031747,1,11,C,362189.7314506697
300.0,1,59,C,140324.1601768334
1582.1028938234047,4,3,D,216121.49481623538
854.0698856898288,3,23,C,198235.07332089657
1386.5181215176974,2,16,C,291033.1026897101
2262.644318905849,3,34,B,314314.8401340488
,3,59,C,327105.00491476984
1542.9664420190397,2,35,B,234211.1511425917
2590.182917724909,4,75,B,337548.6587359846
897.7332350323318,5,75,A,188347.91774293757
1743.7113899281885,3,2,B,320198.22312807594
2129.2553153059184,4,76,A,304853.054621067
1814.480822747216,5,6,A,314079.060204776
1102.0348733081737,4,11,B,200915.83490057272
1786.459462012377,1,60,C,321127.75054375245
2284.5073052217735,1,27,C,422276.278301592
2014.3499839396618,5,34,A,294099.47019833274
1990.6148554469157,3,42,A,273701.13769662793
1984.4688177210735,4,11,A,303573.7625105502
1881.1150150866242,4,51,A,327021.11619829596
1055.2435185698123,1,65,C,193918.69951742486
1614.538688158942,2,7,B,275844.7690735584
,3,9,C,355015.0043133036
300.0,4,40,A,88529.42732912533
2254.306779508696,4,36,A,324363.50101733906
2002.4546772752365,5,33,D,321138.8658435936
1149.4921734515108,3,18,A,195542.5889405886
1352.1899400334428,3,64,B,286688.0402400003
1677.6952222057957,3,68,B,259918.6071010611
2048.06097550418,1,78,B,340155.51992166927
1575.5840118737565,4,35,D,269940.3158568095
2500.201864778104,2,53,B,346227.16600860725
2047.875367480316,5,75,C,390411.124383517
1328.057156471567,4,71,A,239900.74192201262
1517.2908485975606,2,53,A,224958.22520231493
1936.5477740973874,4,71,A,287273.81222360587
2237.0244189613963,5,10,C,426422.0387017296
2208.0092853060733,1,22,A,317921.9736205809
1741.443748997356,5,38,A,304234.8657445404
1889.6970285253215,3,51,A,299960.217672165
1784.9393751668329,1,66,B,305481.1923719394
2293.193955158788,4,21,C,390012.08576390904
1208.2532902162675,4,11,A,201110.1842566556
2161.705615672904,3,39,B,375560.39994719706
688.5581621596532,5,62,B,157370.512284957
2070.619775501496,2,77,A,325119.25301419105
1953.7276893964552,5,79,B,317799.7940995887
1799.775508853488,1,45,A,243064.8219923502
520.4344018013676,3,21,A,148695.41661617593
2740.034442058766,5,65,B,436186.836458867
2339.0466870354026,2,14,A,379548.2132043704
1815.2689998512597,5,20,B,296450.8142017087
2075.224398438929,1,51,C,395328.13438485115
1236.3707092927232,1,74,A,178538.42113749826
2107.363892069229,5,8,B,355323.9901769706
2736.0522882726673,5,66,B,419626.9626073234
1093.148646173089,2,63,A,190067.20967508855
3415.6544898388747,5,12,A,486135.33237803844
1537.8426238825614,5,14,A,263435.60417863197
2296.444723765192,3,22,A,333238.5193712354
1304.3335309068766,4,45,B,281095.349960212
2034.2433796820483,2,67,C,302943.3201366867
,2,2,C,214826.22784203914
1404.6035918404546,5,68,B,252067.1264072466
1662.8536320172177,3,15,C,315144.8847385917
1406.507033752129,2,63,B,204028.15114926847
1655.1420198043722,5,55,A,252836.24241545424
2385.5717182474655,4,7,B,372709.0231776583
1033.7488676399892,5,48,B,237946.38411548582
1082.5480959074512,4,52,B,226849.1836724471
1828.2355529412146,2,11,A,306620.5056326867
1461.4861972966883,3,72,A,212876.76138872007
1197.7505663484017,4,15,A,192093.14570693774
1879.2196739628564,4,70,D,290345.0541229774
1461.3798866071147,1,58,A,200954.35038366128
,5,31,B,309212.0055851278
1776.1439571032058,3,79,B,266137.833764541
1679.2710585314376,5,45,A,278406.9112665125
1759.056025316412,1,21,B,233746.24766581669
2413.9442488490363,5,79,C,395191.3208478483
2588.4626982662544,5,63,A,408993.13745708065
1704.2374264254327,4,56,B,276885.14737802517
1182.0194582190002,4,4,A,240130.13564712004
893.2250387141947,4,6,C,272400.46376490296
459.85310797130523,2,37,A,118221.50251059428
1094.426429339786,4,66,A,194201.8630280663
1288.608178949183,5,73,A,222539.81956428956
1768.4786706743146,4,16,B,364532.648433232
671.6767035792132,1,47,B,152177.8540226775
2657.8147207983,2,65,A,380502.5303085591
2438.1334474644095,3,27,C,432550.91434141446
,5,13,C,431839.78939881874
1492.2658711486513,2,57,A,250135.97779647348
1946.400756647842,2,72,B,248618.30439666155
1231.581408834805,5,45,A,235155.32323400961
2729.8857393608687,2,47,D,379774.0729371477
1072.184962475854,1,40,B,198667.5885625431
1491.824806475516,2,12,A,225109.65158532513
2654.0495250575777,3,65,C,418588.84764460416
3293.8872676488772,5,76,A,496797.87297657126
1744.9641126471638,2,62,A,271935.41056697513
1551.4594645941863,2,51,D,233088.06699213997
300.0,4,35,A,104327.70391747245
2826.271209914754,4,74,B,390190.18313023006
1984.90930679556,3,53,C,327028.3739329815
669.6355076986306,2,49,B,143430.2389867721
2322.8141360861346,5,47,A,365033.7175968969
2168.328769223592,4,6,B,389743.6541090943
1587.3602261067804,4,27,C,257646.3065533007
1465.2981786525604,5,15,A,238086.85525013218
2238.075194901861,4,14,D,335033.71575986303
1940.3672002886879,2,46,C,381623.04229126894
2092.100185222575,2,44,A,269009.7521798883
2535.8968395659135,1,54,B,355031.04252649244
2515.913972047545,1,25,B,404672.66897476366
2256.3078632835027,2,11,A,348419.3624059639
2151.1708224518584,2,61,D,238755.45967109656
1033.0891657323912,4,51,B,159912.26217439343
1130.7244997882374,1,67,C,205126.61250675074
2291.1136308024406,2,51,A,285654.6771715721
2188.321667068287,2,52,B,330330.80697589053
2110.9090445611396,2,57,B,350094.9294326561
2304.2083138927333,4,20,C,400295.9584475968
1467.5979919740282,2,19,A,241615.70372169398
2138.9540593342213,2,38,C,329239.28059695155
1206.6713927021572,3,21,C,242010.0559956213
1837.4280840974575,1,74,A,272357.99573340866
2357.595569956584,5,11,A,382690.5347346014
1393.881319271346,3,34,A,256005.25320484227
2971.7447600979453,4,46,A,438034.9202284633
2480.447696333983,4,23,C,454844.93105191534
2623.264292651977,1,25,A,325367.7813260843
1673.3061592553445,1,63,A,269809.02048264263
966.6303375055478,1,48,B,116426.49260165688
1380.846101564969,5,76,C,297442.1299040537
2131.0001829869934,1,57,A,350831.06913436996
1632.5981799721055,2,46,C,288254.10140724276
2232.81910101522,1,52,A,321479.4834286367
1890.2729504270392,3,48,A,282663.4301152382
1446.147748079214,2,46,B,218478.16596516778
2360.5291734356974,4,46,C,397648.01498439116
2611.0468199626807,3,27,A,389124.04934913263
1360.7104725976787,3,48,A,226212.96423222884
2107.1445732125094,4,58,A,331382.7742034866
1893.9565074923523,3,61,B,297769.8989531837
1968.527795766802,4,30,C,318242.26735769754
1737.5355206627023,1,34,B,311594.1357319701
1048.3911414820031,2,39,A,178409.8220051733
2645.714254531693,3,40,A,348206.0299770214
1173.844879751997,3,58,B,196121.80508905594
1277.6241971091274,4,9,C,262205.5001695764
2193.7623554541474,1,55,B,316550.45143563114
1907.9248799051377,1,41,B,296233.3178805373
1322.3777748335349,4,72,B,221146.94995107173
1405.4715741115765,5,68,B,210513.58515011083
1704.7815054977536,1,32,D,222459.7000096434
1538.350692018608,1,6,C,331574.00100383686
2187.9157944299673,4,56,A,330856.17138526466
1101.4685290459897,4,72,B,241369.23019677517
2017.9924074902542,3,2,B,306582.65210409113
2718.3208907287853,2,11,A,391210.94299269613
1920.8173155383683,5,52,C,350321.52658909356
1267.0239551103064,2,36,B,285821.47920512833
1366.1769109349523,1,40,B,270766.85502297
1826.198685643177,5,46,A,252734.93102407822
1425.4715476702183,4,36,D,215307.63662476506
,5,78,A,401543.00095655536
695.7697815222659,1,22,B,126883.3450577702
2783.3776908142436,4,54,A,342200.29041917
585.006111887298,5,13,A,152414.38922101486
1775.394676030037,2,47,A,282065.8606603644
1150.2166772814753,4,41,C,258922.69791861495
2292.109943264857,4,51,B,354621.2950175911
1335.5797940537154,4,59,B,276886.30867924204
1120.1592913153072,1,29,A,190808.84493527986
1595.985010710584,5,69,A,242902.19838557742
1553.3947777417266,2,77,C,268796.86932681134
638.9819206287511,3,0,A,140043.5000414587
2072.7096862650283,3,75,B,341657.45084458793
364.42470519324615,4,20,A,128555.75469467208
2505.8023873421957,1,22,A,311336.34844165907
1601.9610750579889,2,26,B,283362.0822304071
2371.8040675885804,3,4,C,375390.6406572851
1439.6650889271953,5,51,A,236590.6225907614
,2,17,A,254659.43698903808
2191.04888486346,4,50,C,338115.32795906474
1449.516145456249,1,4,C,262312.7513486738
871.4363513997348,4,71,C,203713.1083583021
1747.7538745964869,1,68,C,266723.9448386243
973.7582365688444,5,56,C,269513.1892957164
1792.2556667003241,5,28,A,282631.3122669929
2627.363700768591,3,19,B,404035.88221986423
2377.601025261491,1,71,D,302296.4743988085
1801.1110386856576,2,54,A,287468.8087917612
1700.5687632587967,1,40,B,280205.8332819835
1609.9287622037275,5,18,C,356046.7387415493
1417.4727625369,5,4,B,252228.1365389067
2013.044329693566,2,53,B,303355.78211890615
1705.268942356792,5,70,B,316141.6639542525
1570.9805088235469,4,61,B,286464.6570833477
1962.028643792402,2,17,A,312473.48203654017
588.9739611154353,4,40,A,145216.65409854712
2973.8881079191315,1,57,A,378453.502326162
2178.0803055079173,5,20,B,370961.7052808946
963.7420072185756,4,2,A,191910.79582820614
1869.0279067578444,5,48,C,360115.90628113336
1122.5489106964142,3,1,A,190231.1459048057
1476.4389956886864,4,72,A,214140.15027016978
,5,27,A,226787.50451776228
2455.1165009043616,4,57,A,383499.9088730012
647.5599197151923,1,43,B,174036.0277988337
1587.3639581503726,2,55,A,219707.48754644845
810.562221731939,4,65,D,158732.23833674807
1787.7302272184443,2,72,C,318631.95296693384
1609.37518914329,1,76,D,167194.334303101
955.9680494614648,1,30,D,134130.34034981142
,2,4,C,455471.6017050197
2738.065750414721,2,20,C,461219.29850286077
1461.4904984527209,2,15,A,212244.38245353723
2113.1569152394663,5,45,B,346673.2649187348
1710.715992802123,1,48,C,273592.284842662
1946.0644247605676,3,46,B,280394.57239255845
2719.278578462051,4,40,A,382194.8312359235
1638.8156317265039,5,69,A,282280.5562616561
2875.3004901406516,1,36,A,369621.42308744753
1627.0830879417208,5,68,A,258630.01339754605
1743.8676393939606,3,69,A,223103.99883766213
2933.5904625301227,1,40,C,440910.6516161371
1965.1303183933474,1,64,C,271423.06333774
580.835019775564,1,20,B,141275.60864236823
1934.8817249426047,4,36,A,354613.91877239605
1030.8880621106346,3,53,A,179705.46223104582
802.438263682139,4,17,A,160233.78097979337
1234.4142818726775,1,37,A,222861.25773502837
1995.648228473656,1,2,C,328987.3618980852
1131.9794085527496,5,56,A,240619.58734947734
959.2448947002878,1,27,B,186678.7557999274
1572.1430807032937,1,14,A,234838.47237151404
2042.7663889608946,4,62,C,390100.31862278725
1382.1730295732668,2,44,A,199069.55470884047
1016.1381688226501,3,6,A,204773.16195857333
496.38443159268377,1,6,A,98647.99046598426
1334.278507246996,2,62,C,235417.42481521127
2306.5850649934655,3,66,A,370946.70116354205
2401.254132691722,4,15,A,361940.887079255
2273.8868709233097,1,66,A,302214.9222897851
1694.8252546719214,5,72,A,323486.52901785064
1877.6108302321795,4,14,B,340021.2777875367
2560.6220673237863,3,9,C,479737.5089235571
1278.7935436817702,1,15,C,287704.33165540633
2018.4453456428926,2,25,C,373096.9462726215
677.4621623800051,2,16,A,122180.62346678616
2209.3785972696774,3,25,C,415015.6363237817
1529.3741767543931,1,64,B,226850.05087005065
1106.6211389858895,3,79,A,206177.57346169645
2263.700368960246,3,63,D,316469.2377235658
1133.2590287010175,2,28,B,245930.47440706805
1279.6309931303754,5,12,C,314463.3393721682
2722.09105291145,4,59,A,364786.7852867952
1172.3849493902185,3,19,A,233019.9754066688
1406.3969839597462,3,27,D,209177.54888920966
1390.0473035920884,4,73,D,227744.76563441427
2270.8805713957636,4,36,A,350702.8944812598
698.4529816085258,1,14,B,152449.5967754901
2550.2374097926886,3,51,A,361919.8366981483
1653.9876815817934,4,26,B,307361.1196970178
,3,40,A,277125.8271618432
1261.9911498557099,4,52,B,263996.97347969643
1712.7292033995175,2,18,A,239614.44029608733
2682.236113496856,2,48,C,428453.1274714554
1927.7114318678462,5,13,A,340728.3925759216
1240.4758848793058,2,17,D,261821.04039775865
1591.586902410157,1,75,A,219230.7912551127
2120.6718399477236,2,61,D,284680.69516174117
1851.1950433124714,2,48,A,311947.0758209637
1645.6136450737636,4,63,D,232726.68488415546
2162.743747887115,2,36,B,324529.76502425567
2016.6520110665235,2,54,B,350445.62876482797
1153.370391138968,5,34,A,239228.03786873957
651.0501886270213,1,75,D,117290.15543189958
2100.2929219383964,3,72,A,306240.97683299537
2914.4664727967715,5,40,C,449032.9676064833
1307.5611634403353,1,18,D,195904.56535282978
1715.3929696463815,4,52,A,269914.58278621815
2612.448829503136,5,17,B,374680.7814944683
2843.780379263133,4,4,C,467738.7510196997
1839.1415326059396,2,56,B,286482.68833317835
2549.835164438975,4,2,A,401187.32446019084
2250.3803824284328,1,28,A,312723.4584708236
1466.51056177877,3,8,B,286317.08893196005
588.7130292476834,4,45,A,128065.48251777198
1254.3434630418014,3,30,A,252255.3331440639
2021.5375988434594,5,18,D,371927.9355814276
